,Word,V_normalization,A_normalization
0,不可思議,0.55,0.78
1,不平,0.33,0.6
2,不甘,0.28,0.68
3,不安,0.35,0.55
4,不利,0.33,0.57
5,不足,0.4,0.4
6,不定,0.4,0.35
7,不宜,0.35,0.43
8,不幸,0.2,0.62
9,不拘小節,0.68,0.4
10,不服,0.3,0.7
11,不知所措,0.28,0.65
12,不便,0.38,0.43
13,不耐,0.38,0.43
14,不耐煩,0.33,0.62
15,不准,0.33,0.65
16,不屑,0.25,0.62
17,不悅,0.28,0.62
18,不爽,0.22,0.78
19,不祥,0.22,0.53
20,不符,0.35,0.38
21,不順,0.33,0.45
22,不當,0.3,0.57
23,不解,0.4,0.4
24,不滿,0.28,0.68
25,不適,0.33,0.45
26,正,0.7,0.5
27,多餘,0.38,0.38
28,好,0.72,0.53
29,否定,0.3,0.55
30,否認,0.33,0.53
31,足夠,0.6,0.38
32,肯定,0.72,0.62
33,哇,0.62,0.7
34,哎呀,0.47,0.72
35,恰好,0.68,0.5
36,耶,0.78,0.78
37,單獨,0.43,0.33
38,無力,0.28,0.33
39,無足輕重,0.43,0.38
40,無情,0.2,0.6
41,無理,0.2,0.72
42,無暇,0.33,0.57
43,無趣,0.3,0.53
44,無禮,0.22,0.75
45,想,0.53,0.33
46,過分,0.22,0.72
47,對,0.68,0.47
48,認真,0.75,0.5
49,嘻,0.7,0.6
50,嘻嘻,0.75,0.65
51,隨便,0.4,0.53
52,隨意,0.57,0.4
53,豐富,0.72,0.57
54,願意,0.72,0.5
55,小心,0.45,0.62
56,分享,0.72,0.45
57,支持,0.78,0.5
58,支撐,0.57,0.57
59,付出,0.6,0.57
60,失去,0.28,0.68
61,失敗,0.15,0.78
62,打,0.28,0.7
63,同意,0.68,0.43
64,成功,0.9,0.7
65,死,0.02,0.5
66,吸引,0.62,0.65
67,希望,0.75,0.53
68,忘記,0.38,0.45
69,協助,0.7,0.45
70,抱,0.6,0.53
71,玩,0.57,0.6
72,信任,0.85,0.6
73,相信,0.78,0.55
74,討厭,0.2,0.7
75,貢獻,0.8,0.57
76,逃避,0.25,0.62
77,喜愛,0.78,0.65
78,喜歡,0.75,0.6
79,喪失,0.2,0.6
80,期望,0.62,0.53
81,答應,0.6,0.5
82,幹,0.0,0.98
83,愛,0.9,0.55
84,愛好,0.75,0.57
85,感謝,0.8,0.57
86,損失,0.28,0.53
87,經歷,0.5,0.47
88,遇到,0.5,0.4
89,遊戲,0.6,0.47
90,鼓勵,0.75,0.65
91,適合,0.57,0.35
92,擔心,0.3,0.7
93,輸,0.25,0.43
94,錯過,0.33,0.43
95,幫忙,0.68,0.5
96,幫助,0.7,0.57
97,應付,0.4,0.55
98,謝謝,0.7,0.6
99,懷念,0.62,0.57
100,關心,0.68,0.62
101,關懷,0.72,0.68
102,贏,0.78,0.75
103,贏得,0.8,0.75
104,下流,0.15,0.82
105,王八蛋,0.05,0.95
106,他媽的,0.05,0.93
107,白目,0.15,0.78
108,白癡,0.15,0.8
109,呸,0.17,0.8
110,垃圾,0.15,0.8
111,怪胎,0.17,0.75
112,放屁,0.2,0.75
113,狗屁,0.17,0.82
114,淫婦,0.1,0.85
115,混蛋,0.12,0.88
116,笨蛋,0.25,0.57
117,媽的,0.15,0.82
118,愚蠢,0.22,0.62
119,該死,0.2,0.82
120,賤,0.15,0.78
121,賤人,0.12,0.85
122,賤貨,0.1,0.9
123,操,0.12,0.88
124,蕩婦,0.1,0.85
125,蹩腳,0.33,0.53
126,壞蛋,0.25,0.68
127,爛貨,0.15,0.72
128,白痴,0.17,0.68
129,八卦,0.3,0.45
130,仇人,0.15,0.78
131,仇恨,0.15,0.85
132,仇敵,0.12,0.82
133,分擔,0.57,0.43
134,友,0.68,0.4
135,反駁,0.35,0.68
136,打岔,0.35,0.4
137,打架,0.2,0.82
138,打斷,0.38,0.45
139,交往,0.68,0.53
140,同情,0.55,0.4
141,安心,0.57,0.17
142,伴侶,0.75,0.45
143,忌妒,0.25,0.72
144,批評,0.28,0.82
145,抗議,0.28,0.85
146,取笑,0.33,0.65
147,坦白,0.62,0.57
148,奉承,0.33,0.57
149,奉獻,0.72,0.62
150,抱怨,0.22,0.7
151,拒絕,0.25,0.7
152,放心,0.65,0.28
153,朋友,0.72,0.4
154,爭吵,0.3,0.7
155,爭論,0.35,0.7
156,知己,0.78,0.47
157,侮辱,0.17,0.82
158,信服,0.68,0.55
159,信賴,0.78,0.55
160,冒犯,0.28,0.75
161,怨恨,0.12,0.85
162,指責,0.3,0.72
163,原諒,0.6,0.4
164,辱罵,0.17,0.75
165,鬥爭,0.25,0.8
166,情人,0.72,0.7
167,甜心,0.72,0.62
168,責備,0.3,0.68
169,逗弄,0.55,0.55
170,插嘴,0.33,0.57
171,款待,0.65,0.55
172,詛咒,0.15,0.8
173,開玩笑,0.65,0.53
174,閒話,0.38,0.43
175,愛人,0.78,0.72
176,愛戀,0.82,0.72
177,隔離,0.3,0.5
178,嘉獎,0.72,0.6
179,稱讚,0.72,0.62
180,說服,0.5,0.4
181,說長道短,0.28,0.5
182,駁斥,0.22,0.78
183,嘲弄,0.2,0.65
184,嘲笑,0.2,0.7
185,嘲罵,0.2,0.8
186,嘲諷,0.2,0.8
187,寬恕,0.65,0.45
188,慶典,0.7,0.57
189,慶祝,0.75,0.68
190,憐憫,0.6,0.5
191,摯友,0.8,0.53
192,敵人,0.25,0.62
193,樂意,0.72,0.55
194,熱愛,0.78,0.75
195,調情,0.55,0.72
196,諂媚,0.3,0.57
197,親切,0.75,0.5
198,親愛,0.8,0.62
199,親愛的,0.78,0.68
200,幫手,0.68,0.47
201,戲弄,0.3,0.65
202,鍾愛,0.75,0.7
203,歸咎,0.28,0.57
204,離婚,0.17,0.6
205,懷疑,0.35,0.43
206,譏,0.28,0.62
207,寶貝,0.8,0.68
208,饒恕,0.57,0.5
209,譴責,0.25,0.78
210,歡迎,0.78,0.68
211,歡送,0.62,0.65
212,歡聚,0.78,0.65
213,戀人,0.75,0.6
214,戀愛,0.82,0.68
215,讚美,0.75,0.57
216,讚揚,0.82,0.7
217,讚譽,0.82,0.72
218,ㄏㄏ,0.6,0.45
219,一無所有,0.17,0.43
220,七竅生煙,0.15,0.85
221,了不起,0.75,0.68
222,人心惶惶,0.2,0.8
223,上級,0.47,0.43
224,上當,0.28,0.65
225,下定決心,0.65,0.72
226,口吃,0.35,0.38
227,大方,0.68,0.53
228,大笑,0.68,0.72
229,大膽,0.55,0.65
230,小氣,0.33,0.45
231,小偷,0.28,0.57
232,才能,0.7,0.45
233,才智,0.75,0.45
234,不仁,0.25,0.6
235,不貞,0.22,0.72
236,不顧一切,0.45,0.85
237,中斷,0.45,0.33
238,仁心,0.8,0.53
239,仁術,0.8,0.5
240,仁愛,0.85,0.53
241,仁慈,0.85,0.53
242,仁義,0.8,0.55
243,仇,0.17,0.62
244,仇殺,0.05,0.9
245,仇視,0.12,0.82
246,元兇,0.15,0.68
247,內疚,0.25,0.5
248,公憤,0.17,0.88
249,凶,0.22,0.78
250,分心,0.38,0.43
251,分手,0.22,0.68
252,分歧,0.28,0.57
253,分紅,0.65,0.43
254,分散,0.43,0.35
255,分裂,0.33,0.6
256,勾引,0.35,0.68
257,厄運,0.25,0.6
258,及時,0.68,0.55
259,反抗,0.33,0.7
260,反叛,0.22,0.68
261,反派,0.28,0.5
262,反感,0.33,0.53
263,反對,0.3,0.65
264,天才,0.72,0.55
265,天堂,0.75,0.55
266,天資,0.6,0.43
267,天賦,0.62,0.43
268,幻想,0.45,0.4
269,引人注目,0.6,0.68
270,引誘,0.35,0.68
271,心灰意冷,0.22,0.33
272,心神不定,0.28,0.7
273,心神不寧,0.28,0.72
274,心情,0.5,0.33
275,心痛,0.2,0.78
276,心愛,0.78,0.68
277,心煩意亂,0.25,0.8
278,心碎,0.15,0.88
279,心酸,0.22,0.72
280,支配,0.45,0.53
281,欠債,0.3,0.45
282,毛骨悚然,0.15,0.88
283,火熱,0.68,0.78
284,世仇,0.1,0.9
285,乏味,0.3,0.25
286,仔細,0.65,0.35
287,充沛,0.7,0.62
288,出色,0.78,0.57
289,功勞,0.72,0.55
290,古怪,0.4,0.47
291,可口,0.68,0.6
292,可怕,0.3,0.72
293,可恥,0.17,0.78
294,可笑,0.25,0.7
295,可悲,0.2,0.68
296,可惡,0.17,0.78
297,可愛,0.75,0.65
298,可鄙,0.17,0.8
299,可憎,0.17,0.78
300,可憐,0.33,0.53
301,可靠,0.72,0.53
302,外向,0.62,0.6
303,外行,0.35,0.45
304,外傷,0.33,0.65
305,失眠,0.25,0.33
306,失控,0.17,0.85
307,失望,0.25,0.57
308,失誤,0.33,0.55
309,平安,0.78,0.3
310,平和,0.75,0.22
311,平庸,0.45,0.25
312,平靜,0.68,0.17
313,平穩,0.6,0.3
314,打仗,0.25,0.82
315,打倒,0.3,0.7
316,打破,0.38,0.65
317,打情罵俏,0.45,0.7
318,打敗,0.65,0.62
319,打擊,0.4,0.72
320,打擾,0.33,0.57
321,打攪,0.33,0.57
322,末日,0.1,0.72
323,正面,0.7,0.45
324,生命力,0.72,0.6
325,生氣,0.55,0.6
326,生氣勃勃,0.75,0.72
327,生病,0.3,0.38
328,生動,0.68,0.6
329,生疏,0.35,0.3
330,生厭,0.3,0.6
331,用力,0.5,0.75
332,目瞪口呆,0.5,0.8
333,矛盾,0.4,0.45
334,丟人,0.22,0.62
335,丟人現眼,0.17,0.72
336,丟下,0.22,0.55
337,丟棄,0.25,0.57
338,丟臉,0.25,0.6
339,交戰,0.38,0.8
340,任性,0.3,0.55
341,兇,0.3,0.78
342,光亮,0.6,0.45
343,光榮,0.72,0.65
344,光輝,0.7,0.6
345,劣,0.25,0.5
346,危,0.28,0.7
347,吃醋,0.33,0.7
348,吃驚,0.35,0.85
349,合宜,0.65,0.43
350,回春,0.65,0.47
351,多情,0.4,0.62
352,多疑,0.35,0.62
353,好玩,0.65,0.6
354,好笑,0.65,0.68
355,好處,0.65,0.5
356,好棒,0.78,0.7
357,好運,0.7,0.53
358,妄想,0.28,0.62
359,安全,0.68,0.43
360,安逸,0.62,0.3
361,安寧,0.65,0.22
362,安靜,0.57,0.17
363,安穩,0.62,0.2
364,成見,0.35,0.53
365,成就,0.75,0.65
366,收穫,0.72,0.57
367,曲解,0.3,0.62
368,有力,0.62,0.62
369,有用,0.68,0.53
370,有利,0.6,0.55
371,有助,0.68,0.53
372,有害,0.3,0.57
373,有效,0.7,0.5
374,有益,0.7,0.5
375,有趣,0.75,0.57
376,有錢,0.68,0.55
377,次要,0.45,0.5
378,次等,0.38,0.45
379,死人,0.15,0.75
380,死亡,0.15,0.72
381,死不,0.35,0.57
382,死心,0.17,0.6
383,死刑,0.17,0.78
384,死氣,0.25,0.6
385,死期,0.22,0.7
386,死當,0.25,0.68
387,死路,0.28,0.5
388,死對頭,0.2,0.8
389,污穢,0.17,0.78
390,灰心,0.33,0.45
391,百感交集,0.3,0.78
392,自大,0.25,0.7
393,自甘墮落,0.2,0.53
394,自由,0.7,0.53
395,自在,0.72,0.45
396,自私,0.28,0.45
397,自卑,0.2,0.35
398,自信,0.75,0.57
399,自負,0.45,0.62
400,自責,0.33,0.53
401,自尊,0.55,0.47
402,自豪,0.7,0.62
403,自鳴得意,0.4,0.5
404,自暴自棄,0.12,0.75
405,至高無上,0.82,0.72
406,至善,0.82,0.62
407,色情,0.22,0.65
408,伶俐,0.72,0.5
409,低沉,0.45,0.3
410,低能,0.2,0.45
411,低能兒,0.2,0.47
412,低迷,0.33,0.28
413,低落,0.35,0.25
414,佔便宜,0.33,0.43
415,作嘔,0.2,0.8
416,作弊,0.12,0.68
417,克制,0.5,0.5
418,免費,0.65,0.47
419,冷,0.33,0.43
420,冷淡,0.25,0.33
421,冷酷,0.17,0.55
422,冷靜,0.53,0.43
423,利己,0.57,0.47
424,利益,0.65,0.5
425,利潤,0.7,0.55
426,吝嗇,0.3,0.45
427,含糊,0.35,0.4
428,吹毛求疵,0.28,0.57
429,吻,0.78,0.82
430,呆,0.35,0.35
431,困,0.35,0.43
432,坎坷,0.12,0.47
433,壯闊,0.72,0.62
434,壯麗,0.75,0.68
435,壯觀,0.75,0.72
436,妓女,0.22,0.47
437,妨害,0.2,0.65
438,妨礙,0.28,0.6
439,孝,0.78,0.38
440,孝順,0.8,0.55
441,孝敬,0.8,0.55
442,完美,0.82,0.68
443,完備,0.72,0.47
444,完善,0.72,0.45
445,宏大,0.75,0.62
446,宏偉,0.78,0.75
447,屁眼,0.1,0.57
448,岔開,0.38,0.4
449,巫婆,0.33,0.5
450,庇護,0.65,0.57
451,弄痛,0.25,0.68
452,弄壞,0.28,0.62
453,忍,0.35,0.5
454,忐忑,0.35,0.72
455,忘恩負義,0.1,0.85
456,快樂,0.78,0.68
457,扭曲,0.33,0.53
458,扶持,0.62,0.4
459,批判,0.2,0.72
460,把握,0.6,0.45
461,抑制,0.47,0.55
462,抑鬱,0.17,0.6
463,投入,0.62,0.53
464,抗爭,0.3,0.78
465,折磨,0.17,0.75
466,改善,0.7,0.53
467,改進,0.65,0.45
468,攻勢,0.53,0.68
469,攻擊,0.33,0.8
470,決心,0.68,0.7
471,決定,0.62,0.75
472,沉重,0.28,0.6
473,沉迷,0.25,0.53
474,沉著,0.68,0.28
475,災,0.12,0.57
476,牢騷,0.3,0.65
477,狂怒,0.08,0.95
478,狂笑,0.9,0.9
479,狂喜,0.95,0.98
480,狂暴,0.1,0.98
481,狂熱,0.45,0.98
482,狂躁,0.15,0.98
483,私生子,0.28,0.38
484,肝腸寸斷,0.08,0.88
485,良,0.68,0.47
486,走運,0.75,0.6
487,辛酸,0.22,0.62
488,邪惡,0.17,0.7
489,享受,0.7,0.47
490,佳,0.68,0.45
491,使勁,0.45,0.68
492,依戀,0.57,0.57
493,典範,0.78,0.55
494,刺眼,0.28,0.57
495,刺痛,0.22,0.7
496,刺傷,0.22,0.75
497,刺激,0.4,0.88
498,刻薄,0.22,0.7
499,卑劣,0.12,0.88
500,卑鄙,0.1,0.9
501,受不了,0.25,0.8
502,受苦,0.25,0.62
503,受虐,0.1,0.88
504,受害,0.1,0.85
505,受惠,0.75,0.55
506,受傷,0.22,0.55
507,受罪,0.22,0.72
508,受騙,0.25,0.68
509,周到,0.7,0.43
510,呵呵,0.62,0.45
511,呼天搶地,0.1,0.98
512,命運,0.47,0.43
513,咆嘯,0.33,0.88
514,和平,0.68,0.28
515,和善,0.75,0.25
516,和煦,0.72,0.38
517,和睦,0.7,0.4
518,和諧,0.78,0.3
519,和藹,0.8,0.3
520,咒罵,0.17,0.8
521,固執,0.3,0.55
522,坦率,0.7,0.45
523,坦誠,0.75,0.4
524,奇怪,0.4,0.53
525,奇特,0.55,0.55
526,孤,0.3,0.45
527,宜人,0.68,0.35
528,幸運,0.78,0.55
529,幸福,0.85,0.38
530,忠,0.75,0.55
531,忠心,0.8,0.65
532,忠孝,0.8,0.6
533,忠誠,0.78,0.6
534,忠實,0.75,0.6
535,忽略,0.38,0.35
536,忽視,0.28,0.47
537,怕,0.28,0.68
538,怕生,0.38,0.53
539,怕羞,0.4,0.55
540,怡人,0.62,0.4
541,性情,0.53,0.43
542,性騷擾,0.2,0.7
543,怪,0.3,0.47
544,怪異,0.33,0.5
545,怪誕,0.3,0.6
546,承擔,0.53,0.55
547,承諾,0.7,0.53
548,抨擊,0.22,0.78
549,抱歉,0.38,0.35
550,抵制,0.28,0.7
551,拉緊,0.53,0.57
552,拋棄,0.2,0.6
553,拙劣,0.2,0.65
554,放任,0.25,0.65
555,放棄,0.2,0.6
556,放肆,0.17,0.85
557,放縱,0.22,0.72
558,放鬆,0.65,0.12
559,昂貴,0.35,0.43
560,明亮,0.7,0.38
561,明智,0.78,0.43
562,昏沉,0.28,0.3
563,昏亂,0.3,0.53
564,昏頭,0.3,0.47
565,易怒,0.28,0.7
566,服從,0.55,0.35
567,枉然,0.3,0.4
568,果斷,0.62,0.62
569,欣欣,0.68,0.68
570,欣喜,0.75,0.75
571,欣然,0.68,0.65
572,欣慰,0.65,0.45
573,欣賞,0.72,0.57
574,歧視,0.22,0.72
575,沮喪,0.22,0.53
576,治療,0.55,0.35
577,沾沾自喜,0.45,0.62
578,泣,0.3,0.5
579,玩耍,0.65,0.6
580,玩笑,0.57,0.62
581,玩樂,0.65,0.7
582,知足,0.7,0.4
583,知識,0.7,0.3
584,空洞,0.38,0.28
585,空虛,0.25,0.4
586,花招,0.38,0.47
587,長處,0.72,0.47
588,非人,0.3,0.6
589,非禮,0.15,0.82
590,非難,0.28,0.57
591,侵犯,0.17,0.65
592,侵佔,0.2,0.7
593,侵害,0.17,0.78
594,侵略,0.17,0.85
595,侵擾,0.25,0.72
596,侵襲,0.2,0.85
597,侷促,0.38,0.57
598,俊美,0.7,0.45
599,俗,0.35,0.45
600,俗氣,0.35,0.43
601,保衛,0.6,0.68
602,保證,0.7,0.65
603,保護,0.72,0.72
604,信心,0.8,0.55
605,信奉,0.7,0.53
606,信義,0.75,0.55
607,信實,0.7,0.47
608,信譽,0.75,0.55
609,冒險,0.47,0.82
610,冠軍,0.88,0.8
611,勇氣,0.82,0.72
612,勇敢,0.8,0.7
613,勉強,0.35,0.5
614,叛亂,0.17,0.85
615,咬牙切齒,0.15,0.9
616,咯咯笑,0.68,0.6
617,哀求,0.22,0.57
618,哀怨,0.22,0.62
619,哀淒,0.2,0.57
620,哀痛,0.17,0.7
621,哀傷,0.17,0.55
622,哀愁,0.17,0.55
623,哀號,0.12,0.8
624,哀慟,0.1,0.82
625,品行,0.55,0.45
626,品德,0.53,0.4
627,哄騙,0.3,0.57
628,哈,0.6,0.53
629,哈哈,0.7,0.62
630,威脅,0.25,0.8
631,威嚴,0.55,0.55
632,帥,0.7,0.53
633,帥氣,0.75,0.62
634,幽默,0.75,0.57
635,後悔,0.28,0.4
636,怒,0.17,0.78
637,怒不,0.35,0.6
638,怒火,0.17,0.82
639,怒斥,0.12,0.95
640,怒目,0.2,0.88
641,怒色,0.22,0.8
642,怒吼,0.12,0.98
643,怒氣,0.17,0.85
644,怒視,0.17,0.88
645,怒罵,0.1,0.98
646,思,0.43,0.47
647,思念,0.43,0.43
648,思鄉,0.35,0.6
649,恍惚,0.35,0.35
650,恨,0.17,0.78
651,恬,0.55,0.33
652,恰當,0.62,0.4
653,拮据,0.28,0.35
654,拯救,0.68,0.7
655,拷打,0.2,0.82
656,拷問,0.22,0.75
657,拼命,0.53,0.82
658,挑剔,0.35,0.55
659,挑戰,0.65,0.72
660,挑釁,0.28,0.72
661,挖苦,0.3,0.6
662,柔,0.53,0.25
663,柔軟,0.6,0.3
664,柔順,0.6,0.28
665,柔腸寸斷,0.1,0.85
666,歪曲,0.33,0.38
667,毒,0.22,0.6
668,洩氣,0.33,0.33
669,活力,0.7,0.65
670,活潑,0.72,0.68
671,活躍,0.68,0.82
672,流行,0.57,0.53
673,流淚,0.28,0.55
674,炫耀,0.35,0.62
675,為難,0.3,0.47
676,狠心,0.17,0.8
677,珍奇,0.72,0.6
678,珍惜,0.75,0.5
679,珍視,0.75,0.53
680,珍貴,0.75,0.55
681,珍愛,0.78,0.62
682,珍藏,0.7,0.55
683,盼望,0.65,0.55
684,看不起,0.28,0.62
685,約束,0.45,0.45
686,美人,0.62,0.55
687,美好,0.72,0.57
688,美妙,0.75,0.65
689,美味,0.72,0.57
690,美夢,0.72,0.6
691,美滿,0.8,0.68
692,美德,0.8,0.53
693,美麗,0.78,0.6
694,背叛,0.12,0.88
695,胡扯,0.25,0.82
696,致命,0.12,0.85
697,苛求,0.25,0.7
698,若無其事,0.38,0.45
699,苦,0.28,0.45
700,苦惱,0.28,0.5
701,英俊,0.7,0.43
702,英勇,0.75,0.7
703,英雄,0.82,0.75
704,虐待,0.15,0.8
705,負心,0.17,0.65
706,負債,0.28,0.62
707,負擔,0.33,0.53
708,迫害,0.15,0.8
709,重大,0.47,0.78
710,重擔,0.35,0.78
711,陌生,0.38,0.35
712,降級,0.33,0.6
713,面臨,0.47,0.6
714,風險,0.35,0.68
715,首要,0.53,0.5
716,首創,0.55,0.57
717,倒楣,0.28,0.55
718,倒霉,0.28,0.55
719,倔強,0.4,0.68
720,值得,0.68,0.57
721,值錢,0.65,0.57
722,凌亂,0.3,0.62
723,剝奪,0.25,0.7
724,哭泣,0.22,0.7
725,哭喊,0.22,0.85
726,哭訴,0.22,0.72
727,哭鬧,0.22,0.8
728,哽咽,0.25,0.68
729,唐突,0.33,0.55
730,奚落,0.28,0.62
731,娛樂,0.68,0.65
732,害怕,0.28,0.57
733,害羞,0.4,0.45
734,容光煥發,0.78,0.5
735,容忍,0.33,0.57
736,差,0.3,0.45
737,差勁,0.3,0.72
738,弱,0.35,0.45
739,弱點,0.35,0.47
740,徒勞無功,0.3,0.43
741,恐怖,0.25,0.72
742,恐慌,0.25,0.75
743,恐嚇,0.17,0.8
744,恐懼,0.2,0.72
745,恩典,0.72,0.45
746,恩惠,0.68,0.5
747,恭維,0.5,0.45
748,悔之,0.4,0.57
749,悔改,0.38,0.62
750,悔恨,0.22,0.8
751,悔悟,0.28,0.75
752,悔意,0.25,0.6
753,悔過,0.22,0.65
754,挫折,0.25,0.5
755,挫敗,0.25,0.72
756,振奮,0.78,0.75
757,捐贈,0.68,0.53
758,效率,0.65,0.47
759,時髦,0.68,0.53
760,書呆子,0.33,0.4
761,栩栩如生,0.72,0.55
762,氣急敗壞,0.17,0.85
763,氣憤,0.17,0.75
764,氣餒,0.22,0.38
765,浪漫,0.7,0.62
766,消沉,0.3,0.4
767,消極,0.28,0.38
768,消滅,0.33,0.62
769,狹小,0.35,0.38
770,狹隘,0.35,0.4
771,疲乏,0.25,0.35
772,疲於奔命,0.17,0.62
773,疲倦,0.25,0.38
774,疲弱,0.25,0.33
775,疲累,0.25,0.33
776,疲勞,0.25,0.35
777,疲憊,0.25,0.33
778,疼痛,0.3,0.62
779,疼愛,0.75,0.68
780,益處,0.7,0.53
781,真心,0.75,0.57
782,真相,0.68,0.55
783,真理,0.68,0.57
784,真誠,0.75,0.5
785,真實,0.62,0.45
786,破滅,0.25,0.75
787,破壞,0.22,0.72
788,祝賀,0.75,0.65
789,祝福,0.7,0.6
790,神經病,0.22,0.68
791,神經質,0.28,0.57
792,神聖,0.78,0.5
793,笑,0.72,0.6
794,笑死,0.55,0.75
795,笑容,0.78,0.53
796,笑話,0.6,0.47
797,紛爭,0.25,0.7
798,缺少,0.33,0.43
799,缺乏,0.3,0.45
800,缺失,0.33,0.43
801,缺陷,0.25,0.45
802,缺德,0.22,0.72
803,缺憾,0.2,0.65
804,缺點,0.33,0.45
805,能幹,0.72,0.62
806,脅迫,0.2,0.78
807,脆弱,0.3,0.45
808,臭,0.35,0.45
809,臭味,0.35,0.5
810,臭氣,0.33,0.55
811,茫然,0.3,0.3
812,草率,0.3,0.47
813,荒唐,0.22,0.72
814,荒謬,0.2,0.78
815,虔誠,0.7,0.55
816,衰,0.33,0.4
817,衰老,0.3,0.4
818,衰弱,0.28,0.5
819,衰退,0.28,0.5
820,衰敗,0.25,0.65
821,衰微,0.28,0.47
822,衷心,0.7,0.55
823,討喜,0.72,0.62
824,迴避,0.33,0.5
825,迷人,0.72,0.65
826,迷失,0.3,0.45
827,迷惘,0.3,0.5
828,迷惑,0.3,0.45
829,迷亂,0.28,0.65
830,迷路,0.4,0.53
831,迷戀,0.43,0.65
832,逃離,0.38,0.65
833,逆向,0.38,0.43
834,高貴,0.7,0.38
835,高階,0.6,0.35
836,高雅,0.75,0.38
837,高傲,0.28,0.62
838,高興,0.75,0.7
839,假裝,0.4,0.45
840,偉大,0.78,0.7
841,偏心,0.28,0.55
842,偏好,0.53,0.38
843,偏見,0.3,0.57
844,偏執,0.33,0.57
845,偏愛,0.5,0.47
846,偷,0.17,0.5
847,偷取,0.17,0.68
848,偷竊,0.17,0.75
849,偽造,0.2,0.62
850,動人,0.72,0.65
851,動聽,0.75,0.7
852,啜泣,0.25,0.72
853,執拗,0.33,0.62
854,堅決,0.55,0.65
855,堅定,0.65,0.68
856,堅強,0.72,0.65
857,娼妓,0.22,0.6
858,寂寞,0.28,0.45
859,寂寥,0.28,0.17
860,崇拜,0.68,0.72
861,崇高,0.78,0.68
862,強,0.68,0.55
863,強力,0.65,0.68
864,強壯,0.72,0.55
865,強姦,0.05,0.93
866,強迫,0.22,0.8
867,強烈,0.47,0.85
868,強健,0.7,0.68
869,強硬,0.47,0.75
870,強暴犯,0.05,0.95
871,得意,0.6,0.55
872,得意洋洋,0.45,0.7
873,得罪,0.28,0.57
874,得體,0.65,0.45
875,徘徊,0.45,0.45
876,從容,0.6,0.3
877,悠閒,0.68,0.2
878,患病,0.22,0.47
879,情緒,0.45,0.55
880,惋惜,0.25,0.43
881,掃興,0.28,0.47
882,排斥,0.28,0.62
883,掙扎,0.28,0.8
884,掛念,0.47,0.53
885,掛慮,0.47,0.62
886,控制,0.4,0.5
887,推崇,0.68,0.6
888,敏捷,0.65,0.55
889,敏感,0.45,0.5
890,敏銳,0.68,0.53
891,救,0.5,0.68
892,敗壞,0.2,0.82
893,欲絕,0.12,0.9
894,殺,0.08,0.85
895,殺死,0.05,0.9
896,淘氣,0.57,0.57
897,淚流滿面,0.12,0.85
898,淚珠,0.33,0.45
899,淡漠,0.38,0.15
900,淨土,0.55,0.28
901,深思,0.53,0.2
902,深情,0.78,0.53
903,深愛,0.88,0.68
904,混帳,0.08,0.88
905,混亂,0.25,0.68
906,淹沒,0.33,0.57
907,清白,0.65,0.3
908,清楚,0.57,0.35
909,爽,0.78,0.78
910,爽心,0.78,0.75
911,爽快,0.8,0.72
912,爽約,0.28,0.55
913,爽朗,0.72,0.53
914,牽掛,0.43,0.5
915,猛烈,0.45,0.93
916,猜疑,0.28,0.57
917,理智,0.65,0.33
918,理想,0.72,0.5
919,甜言,0.68,0.5
920,甜美,0.7,0.33
921,甜密,0.75,0.5
922,甜甜,0.68,0.43
923,甜蜜,0.72,0.55
924,甜頭,0.6,0.45
925,疏忽,0.3,0.55
926,疏漏,0.3,0.55
927,盛怒,0.1,0.95
928,眼花撩亂,0.43,0.57
929,眼花繚亂,0.43,0.57
930,眼淚,0.3,0.6
931,眾怒,0.12,0.88
932,窒息,0.15,0.47
933,窒礙,0.2,0.72
934,笨,0.3,0.55
935,笨手笨腳,0.28,0.62
936,笨拙,0.28,0.47
937,粗心,0.35,0.47
938,粗俗,0.25,0.57
939,粗野,0.25,0.72
940,粗暴,0.15,0.9
941,粗魯,0.3,0.62
942,累,0.33,0.45
943,細心,0.53,0.33
944,統治,0.53,0.65
945,羞怯,0.33,0.43
946,羞恥,0.2,0.8
947,羞辱,0.12,0.85
948,羞愧,0.22,0.78
949,羞憤,0.15,0.85
950,莊嚴,0.6,0.3
951,處罰,0.3,0.62
952,設防,0.5,0.47
953,許諾,0.6,0.47
954,貧困,0.28,0.43
955,貧苦,0.22,0.55
956,貧病,0.22,0.45
957,貧窮,0.22,0.45
958,貧賤,0.17,0.8
959,貪,0.28,0.55
960,貪心,0.25,0.57
961,貪生,0.25,0.55
962,貪汙,0.1,0.82
963,貪求,0.28,0.6
964,貪念,0.33,0.5
965,貪婪,0.22,0.7
966,貪圖,0.25,0.6
967,貪慾,0.33,0.57
968,軟弱,0.33,0.33
969,逗趣,0.68,0.53
970,逝世,0.17,0.4
971,造反,0.15,0.85
972,野蠻,0.25,0.72
973,陰沉,0.28,0.3
974,陰森,0.28,0.33
975,陰暗,0.33,0.35
976,陳腐,0.22,0.5
977,陶醉,0.68,0.43
978,麻木,0.38,0.28
979,麻煩,0.33,0.5
980,凱旋,0.78,0.75
981,創傷,0.22,0.65
982,勝利,0.85,0.78
983,勝過,0.65,0.6
984,博愛,0.72,0.45
985,博學,0.72,0.47
986,善心,0.72,0.4
987,善良,0.8,0.43
988,善意,0.72,0.5
989,喜上眉稍,0.8,0.72
990,喜出望外,0.85,0.82
991,喜形於色,0.8,0.72
992,喜怒哀樂,0.5,0.53
993,喜怒無常,0.3,0.6
994,喜宴,0.7,0.65
995,喜悅,0.8,0.65
996,喜氣,0.75,0.5
997,喜從天降,0.8,0.75
998,喜新厭舊,0.3,0.53
999,喜極而泣,0.9,0.93
1000,喜劇,0.72,0.5
1001,喜慶,0.8,0.7
1002,喝采,0.8,0.75
1003,喪心,0.25,0.65
1004,喪生,0.1,0.7
1005,喪志,0.17,0.55
1006,喪氣,0.25,0.5
1007,喪偶,0.2,0.65
1008,喪盡,0.22,0.75
1009,喪膽,0.22,0.82
1010,喪禮,0.12,0.43
1011,報仇,0.22,0.88
1012,報復,0.15,0.82
1013,富有,0.78,0.47
1014,富裕,0.8,0.55
1015,寒酸,0.33,0.4
1016,尊重,0.72,0.53
1017,尊貴,0.72,0.53
1018,尊敬,0.75,0.55
1019,尊榮,0.82,0.53
1020,尊嚴,0.65,0.53
1021,尋歡作樂,0.4,0.68
1022,就緒,0.53,0.33
1023,復仇,0.15,0.82
1024,悲哀,0.2,0.45
1025,悲苦,0.17,0.5
1026,悲悽,0.15,0.47
1027,悲情,0.25,0.5
1028,悲喜,0.43,0.55
1029,悲痛,0.2,0.72
1030,悲傷,0.22,0.62
1031,悲愁,0.22,0.45
1032,悲慘,0.15,0.75
1033,悲慟,0.1,0.93
1034,悲劇,0.15,0.68
1035,悲憤,0.17,0.85
1036,悲憫,0.22,0.5
1037,悲歡,0.47,0.55
1038,悲觀,0.28,0.43
1039,悶,0.35,0.38
1040,悶悶不樂,0.33,0.38
1041,惡人,0.22,0.65
1042,惡化,0.22,0.65
1043,惡劣,0.2,0.72
1044,惡言,0.2,0.7
1045,惡性,0.22,0.68
1046,惡毒,0.12,0.8
1047,惡狠狠,0.17,0.85
1048,惡耗,0.12,0.8
1049,惡臭,0.22,0.7
1050,惡鬥,0.2,0.82
1051,惡意,0.22,0.72
1052,惡運,0.22,0.62
1053,惡夢,0.25,0.72
1054,惱,0.28,0.7
1055,惶,0.3,0.68
1056,愉,0.6,0.53
1057,提防,0.45,0.62
1058,散漫,0.3,0.38
1059,景仰,0.72,0.6
1060,智慧,0.8,0.38
1061,最好,0.72,0.65
1062,最佳,0.78,0.68
1063,期盼,0.65,0.62
1064,棒,0.72,0.6
1065,棘手,0.3,0.65
1066,欺,0.28,0.65
1067,欽佩,0.78,0.6
1068,殘忍,0.12,0.85
1069,殘酷,0.1,0.9
1070,殘暴,0.08,0.98
1071,渴求,0.5,0.72
1072,渴望,0.57,0.6
1073,無用,0.33,0.43
1074,無助,0.3,0.47
1075,無味,0.43,0.28
1076,無奈,0.33,0.4
1077,無知,0.33,0.43
1078,無畏,0.7,0.68
1079,無害,0.57,0.4
1080,無效,0.4,0.43
1081,無益,0.35,0.35
1082,無能,0.25,0.62
1083,無常,0.33,0.4
1084,無望,0.22,0.47
1085,無聊,0.35,0.3
1086,無辜,0.43,0.38
1087,無意義,0.4,0.38
1088,無精打采,0.33,0.3
1089,無憂無慮,0.75,0.33
1090,無關緊要,0.45,0.3
1091,無懼,0.6,0.6
1092,焦急,0.25,0.75
1093,焦慮,0.28,0.68
1094,猶疑,0.38,0.53
1095,猶豫,0.4,0.47
1096,痛,0.25,0.65
1097,痛不欲生,0.1,0.93
1098,痛苦,0.17,0.72
1099,痛哭流涕,0.1,0.88
1100,發抖,0.3,0.65
1101,發牢騷,0.33,0.62
1102,發狂,0.2,0.85
1103,發怒,0.17,0.88
1104,發臭,0.28,0.6
1105,發愁,0.25,0.65
1106,盜,0.25,0.6
1107,結巴,0.38,0.45
1108,絕妙,0.72,0.72
1109,絕望,0.15,0.62
1110,脾氣,0.47,0.43
1111,舒服,0.7,0.33
1112,舒適,0.72,0.33
1113,華麗,0.72,0.57
1114,著迷,0.57,0.75
1115,虛心,0.65,0.2
1116,虛弱,0.25,0.3
1117,虛榮,0.25,0.65
1118,虛榮心,0.25,0.62
1119,訴苦,0.28,0.7
1120,詐騙,0.2,0.75
1121,費力,0.3,0.65
1122,跛,0.28,0.5
1123,跛腳,0.28,0.53
1124,鈍,0.35,0.2
1125,開心,0.78,0.7
1126,開明,0.75,0.5
1127,開朗,0.78,0.55
1128,閒散,0.45,0.15
1129,陽光,0.78,0.5
1130,隆重,0.7,0.75
1131,雅緻,0.72,0.43
1132,順利,0.75,0.5
1133,亂,0.33,0.6
1134,傲慢,0.22,0.62
1135,傳情,0.68,0.55
1136,債務,0.25,0.53
1137,傷,0.3,0.53
1138,傷人,0.28,0.72
1139,傷亡,0.15,0.8
1140,傷天害理,0.05,0.88
1141,傷心,0.25,0.65
1142,傷害,0.22,0.7
1143,傷神,0.3,0.57
1144,傷痕,0.33,0.5
1145,傷悲,0.25,0.62
1146,傷殘,0.22,0.6
1147,傷痛,0.25,0.7
1148,傷勢,0.3,0.45
1149,傷感,0.3,0.53
1150,傻,0.33,0.38
1151,傻子,0.33,0.4
1152,傻笑,0.38,0.55
1153,勢利,0.28,0.55
1154,嗚咽,0.2,0.57
1155,嫉,0.25,0.65
1156,嫌,0.25,0.6
1157,徬徨,0.38,0.43
1158,微笑,0.68,0.45
1159,微醺,0.6,0.53
1160,想念,0.47,0.55
1161,惹惱,0.25,0.78
1162,愁,0.3,0.47
1163,愚笨,0.28,0.38
1164,愛心,0.75,0.45
1165,愛情,0.75,0.6
1166,愛慕,0.72,0.65
1167,愛護,0.75,0.55
1168,感恩,0.78,0.47
1169,感情,0.55,0.53
1170,感傷,0.35,0.55
1171,感激,0.72,0.78
1172,愧,0.3,0.65
1173,慈祥,0.75,0.4
1174,慈善,0.75,0.45
1175,慈悲,0.57,0.5
1176,慌,0.28,0.72
1177,損人,0.25,0.65
1178,損害,0.22,0.68
1179,損傷,0.22,0.72
1180,損壞,0.2,0.78
1181,搏鬥,0.28,0.78
1182,敬畏,0.72,0.68
1183,敬重,0.75,0.62
1184,敬意,0.7,0.47
1185,暖和,0.68,0.38
1186,業障,0.25,0.6
1187,極好,0.85,0.85
1188,極端,0.43,0.75
1189,極樂,0.72,0.7
1190,毀掉,0.22,0.7
1191,毀敗,0.22,0.68
1192,毀棄,0.22,0.7
1193,毀傷,0.2,0.68
1194,毀損,0.22,0.65
1195,毀滅,0.22,0.82
1196,毀謗,0.2,0.8
1197,毀壞,0.28,0.6
1198,溫和,0.62,0.33
1199,溫柔,0.7,0.4
1200,溫情,0.7,0.47
1201,溫暖,0.78,0.4
1202,溫馨,0.8,0.38
1203,滑稽,0.4,0.5
1204,煩,0.3,0.55
1205,煩人,0.3,0.65
1206,煩心,0.28,0.62
1207,煩忙,0.28,0.65
1208,煩勞,0.28,0.6
1209,煩悶,0.25,0.6
1210,煩惱,0.25,0.65
1211,煩亂,0.25,0.78
1212,煩愁,0.22,0.72
1213,煩瑣,0.33,0.57
1214,煩擾,0.3,0.62
1215,煩雜,0.3,0.62
1216,煩躁,0.28,0.82
1217,痴狂,0.38,0.82
1218,禁止,0.3,0.53
1219,禁忌,0.25,0.53
1220,罪,0.25,0.55
1221,罪人,0.22,0.62
1222,罪大惡極,0.05,0.98
1223,罪犯,0.2,0.62
1224,罪名,0.2,0.53
1225,罪行,0.17,0.62
1226,罪惡,0.15,0.75
1227,罪過,0.2,0.68
1228,罪孽,0.12,0.82
1229,羨慕,0.62,0.57
1230,義,0.68,0.62
1231,義憤,0.28,0.82
1232,萬念俱灰,0.05,0.8
1233,萬歲,0.82,0.82
1234,落伍,0.33,0.4
1235,落空,0.3,0.6
1236,解決,0.65,0.47
1237,解脫,0.65,0.62
1238,詫異,0.4,0.72
1239,詭計,0.3,0.53
1240,詼諧,0.68,0.45
1241,誇大,0.33,0.5
1242,誠,0.72,0.47
1243,誠心,0.75,0.45
1244,誠實,0.78,0.47
1245,賊,0.2,0.62
1246,躲避,0.33,0.47
1247,遇難,0.12,0.68
1248,過失,0.25,0.55
1249,過錯,0.28,0.5
1250,違心,0.25,0.53
1251,違犯,0.25,0.53
1252,違抗,0.22,0.72
1253,違法,0.17,0.7
1254,違紀,0.2,0.57
1255,違約,0.22,0.57
1256,違背,0.25,0.47
1257,違規,0.3,0.53
1258,頑固,0.28,0.68
1259,頑強,0.5,0.65
1260,鼓舞,0.7,0.72
1261,厭世,0.15,0.7
1262,厭食,0.22,0.53
1263,厭倦,0.28,0.4
1264,厭惡,0.2,0.78
1265,厭煩,0.25,0.57
1266,嘆,0.38,0.33
1267,嘆息,0.3,0.35
1268,嘆氣,0.28,0.38
1269,嫩,0.53,0.43
1270,寧靜,0.65,0.08
1271,對抗,0.38,0.78
1272,對質,0.35,0.75
1273,慘,0.22,0.5
1274,慢,0.43,0.22
1275,慷慨,0.72,0.6
1276,摧毀,0.22,0.78
1277,榮幸,0.72,0.55
1278,榮耀,0.82,0.75
1279,榮譽,0.82,0.6
1280,滿足,0.8,0.45
1281,滿意,0.78,0.57
1282,漂亮,0.78,0.62
1283,漫不經心,0.28,0.3
1284,瑣事,0.35,0.45
1285,瑣碎,0.35,0.45
1286,疑心,0.28,0.55
1287,疑神,0.35,0.57
1288,疑惑,0.35,0.47
1289,疑慮,0.33,0.5
1290,疑點,0.35,0.4
1291,疑難,0.35,0.43
1292,疑懼,0.35,0.65
1293,瘋,0.2,0.85
1294,禍,0.28,0.62
1295,福氣,0.75,0.43
1296,精力,0.55,0.38
1297,精心,0.65,0.45
1298,精美,0.68,0.4
1299,精疲力盡,0.25,0.53
1300,精疲力竭,0.25,0.55
1301,精彩,0.82,0.82
1302,緊張,0.33,0.75
1303,緊繃,0.35,0.78
1304,腐朽,0.22,0.38
1305,腐臭,0.25,0.43
1306,腐敗,0.17,0.57
1307,腐爛,0.2,0.47
1308,認可,0.6,0.38
1309,誤,0.33,0.38
1310,誤會,0.28,0.55
1311,誤解,0.3,0.57
1312,說謊,0.2,0.55
1313,豪爽,0.78,0.72
1314,豪華,0.72,0.6
1315,輕快,0.65,0.47
1316,輕忽,0.35,0.53
1317,輕視,0.28,0.57
1318,輕蔑,0.2,0.72
1319,輕鬆,0.62,0.15
1320,遠離,0.43,0.35
1321,鄙,0.22,0.65
1322,酷刑,0.12,0.9
1323,酷愛,0.88,0.78
1324,酸,0.45,0.47
1325,酸甜苦辣,0.47,0.53
1326,銘印,0.6,0.65
1327,骯髒,0.28,0.45
1328,鼻酸,0.3,0.68
1329,僵化,0.35,0.38
1330,僵住,0.35,0.33
1331,僵冷,0.33,0.3
1332,僵局,0.35,0.4
1333,僵持,0.3,0.57
1334,僵硬,0.3,0.55
1335,劇烈,0.45,0.9
1336,嘮叨,0.35,0.6
1337,噁,0.17,0.62
1338,噁心,0.15,0.72
1339,墮落,0.17,0.65
1340,嫵媚,0.7,0.57
1341,嬉笑,0.6,0.57
1342,嬌弱,0.35,0.3
1343,寬大,0.65,0.4
1344,寬容,0.75,0.28
1345,德行,0.7,0.28
1346,慶功,0.75,0.78
1347,慶生,0.68,0.68
1348,慶幸,0.68,0.62
1349,慶賀,0.75,0.62
1350,憂心,0.33,0.62
1351,憂患,0.28,0.55
1352,憂勞,0.33,0.57
1353,憂傷,0.25,0.57
1354,憂愁,0.22,0.55
1355,憂煩,0.25,0.55
1356,憂慮,0.22,0.65
1357,憂鬱,0.17,0.47
1358,憎,0.15,0.72
1359,憐惜,0.45,0.47
1360,憤,0.2,0.82
1361,摯情,0.78,0.55
1362,摯愛,0.85,0.65
1363,摯誠,0.82,0.62
1364,撒謊,0.28,0.53
1365,撫育,0.62,0.35
1366,敵視,0.25,0.7
1367,敵意,0.3,0.68
1368,敵對,0.22,0.75
1369,暴力,0.15,0.85
1370,暴怒,0.1,0.93
1371,暴躁,0.22,0.88
1372,樂,0.7,0.57
1373,樂子,0.65,0.4
1374,樂不,0.53,0.43
1375,樂天,0.72,0.45
1376,樂在其中,0.75,0.57
1377,樂此,0.68,0.5
1378,樂而,0.65,0.43
1379,樂得,0.65,0.43
1380,樂善,0.68,0.43
1381,樂園,0.68,0.55
1382,樂極生悲,0.22,0.72
1383,樂趣,0.68,0.5
1384,樂觀,0.75,0.5
1385,歎為觀止,0.7,0.82
1386,毅然,0.6,0.68
1387,潔淨,0.65,0.45
1388,熱切,0.65,0.68
1389,熱烈,0.68,0.82
1390,熱衷,0.68,0.68
1391,熱情,0.7,0.68
1392,熱望,0.65,0.62
1393,熱淚盈眶,0.5,0.82
1394,熱鬧,0.68,0.7
1395,獎,0.72,0.53
1396,獎助,0.75,0.53
1397,獎杯,0.8,0.55
1398,獎狀,0.8,0.53
1399,獎金,0.82,0.57
1400,獎品,0.8,0.57
1401,獎章,0.72,0.5
1402,獎牌,0.72,0.53
1403,獎賞,0.7,0.55
1404,獎學金,0.8,0.57
1405,獎勵,0.75,0.53
1406,確定,0.65,0.53
1407,確信,0.65,0.55
1408,窮,0.33,0.38
1409,窮困,0.25,0.4
1410,糊塗,0.35,0.33
1411,緩和,0.53,0.28
1412,蔑視,0.2,0.7
1413,衝突,0.3,0.72
1414,衝擊,0.28,0.78
1415,調皮,0.5,0.47
1416,調戲,0.33,0.65
1417,賤民,0.15,0.82
1418,賤骨頭,0.1,0.85
1419,質疑,0.33,0.57
1420,輝煌,0.75,0.65
1421,適宜,0.68,0.5
1422,適時,0.65,0.5
1423,適當,0.65,0.45
1424,遭受,0.33,0.6
1425,鋌而走險,0.25,0.75
1426,震怒,0.17,0.9
1427,震顫,0.28,0.8
1428,震驚,0.33,0.8
1429,霉運,0.22,0.55
1430,養育,0.65,0.38
1431,魄力,0.75,0.65
1432,魅力,0.78,0.57
1433,懊悔,0.3,0.68
1434,懊惱,0.28,0.75
1435,戰火,0.25,0.72
1436,戰爭,0.25,0.78
1437,戰鬥,0.25,0.75
1438,戰勝,0.8,0.8
1439,戰亂,0.25,0.78
1440,擁抱,0.68,0.57
1441,擁護,0.68,0.62
1442,擅長,0.65,0.5
1443,操心,0.35,0.57
1444,操守,0.53,0.35
1445,操勞,0.33,0.53
1446,擔保,0.5,0.47
1447,擔憂,0.33,0.47
1448,整齊,0.7,0.4
1449,整潔,0.72,0.4
1450,機敏,0.75,0.57
1451,機警,0.75,0.68
1452,機靈,0.75,0.62
1453,激怒,0.2,0.85
1454,激動,0.47,0.85
1455,激情,0.55,0.8
1456,激勵,0.78,0.72
1457,獨自,0.4,0.28
1458,獨創,0.65,0.4
1459,瘸,0.3,0.33
1460,積極,0.7,0.7
1461,罹難,0.1,0.75
1462,膩,0.33,0.38
1463,興旺,0.72,0.57
1464,興致,0.65,0.62
1465,興趣,0.7,0.55
1466,興奮,0.8,0.78
1467,融洽,0.8,0.5
1468,褫奪,0.2,0.8
1469,親,0.7,0.6
1470,親吻,0.78,0.8
1471,親和,0.75,0.43
1472,親密,0.82,0.65
1473,諷刺,0.25,0.72
1474,諾言,0.72,0.6
1475,謀殺,0.08,0.85
1476,踴躍,0.72,0.72
1477,蹂躪,0.15,0.82
1478,輸家,0.25,0.5
1479,輸掉,0.3,0.53
1480,遲到,0.35,0.5
1481,遲鈍,0.33,0.33
1482,遲疑,0.33,0.47
1483,遺棄,0.22,0.6
1484,遺憾,0.2,0.47
1485,錯,0.25,0.47
1486,錯亂,0.25,0.65
1487,錯誤,0.28,0.57
1488,頭昏,0.28,0.45
1489,默哀,0.15,0.4
1490,優,0.72,0.55
1491,優秀,0.82,0.7
1492,優良,0.82,0.65
1493,優柔寡斷,0.28,0.45
1494,優美,0.72,0.55
1495,優勝,0.82,0.72
1496,優惠,0.72,0.65
1497,優雅,0.72,0.5
1498,優勢,0.72,0.62
1499,優點,0.75,0.5
1500,嚇,0.33,0.72
1501,壓力,0.2,0.72
1502,壓抑,0.2,0.55
1503,壓制,0.33,0.62
1504,壓迫,0.22,0.78
1505,尷尬,0.35,0.45
1506,懦,0.28,0.4
1507,擊,0.47,0.7
1508,擊敗,0.62,0.72
1509,濫用,0.25,0.57
1510,濫情,0.25,0.65
1511,燦爛,0.7,0.68
1512,獲勝,0.85,0.78
1513,獲獎,0.85,0.75
1514,瞧不起,0.28,0.65
1515,糟,0.3,0.43
1516,糟糕,0.28,0.53
1517,糟蹋,0.17,0.78
1518,繁瑣,0.35,0.5
1519,繃緊,0.4,0.78
1520,聰明,0.75,0.47
1521,膽小,0.33,0.45
1522,膽怯,0.28,0.53
1523,膽量,0.55,0.45
1524,膽戰心驚,0.22,0.82
1525,艱困,0.28,0.7
1526,艱辛,0.25,0.68
1527,艱苦,0.25,0.7
1528,艱深,0.3,0.68
1529,艱鉅,0.28,0.78
1530,艱險,0.25,0.85
1531,艱澀,0.28,0.78
1532,艱難,0.28,0.78
1533,虧損,0.28,0.57
1534,褻瀆,0.17,0.82
1535,謝天謝地,0.8,0.8
1536,謝意,0.65,0.62
1537,醜,0.33,0.35
1538,鮮明,0.68,0.55
1539,鮮美,0.65,0.55
1540,嚮往,0.62,0.5
1541,簡潔,0.65,0.47
1542,謹慎,0.68,0.4
1543,蹧蹋,0.2,0.78
1544,鎮定,0.55,0.22
1545,鎮靜,0.55,0.1
1546,鎮壓,0.25,0.75
1547,雜亂,0.33,0.57
1548,鬆懈,0.33,0.4
1549,壞人,0.3,0.55
1550,壞心,0.3,0.62
1551,壞死,0.22,0.5
1552,壞事,0.3,0.53
1553,壞處,0.3,0.5
1554,壞話,0.3,0.5
1555,壞運,0.25,0.57
1556,寵愛,0.72,0.57
1557,懲罰,0.3,0.65
1558,懶惰,0.3,0.38
1559,懶散,0.33,0.25
1560,懷鄉,0.5,0.45
1561,爆發,0.4,0.82
1562,癡迷,0.35,0.72
1563,穩健,0.75,0.53
1564,贊同,0.75,0.5
1565,辭職,0.38,0.47
1566,難吃,0.3,0.6
1567,難堪,0.25,0.68
1568,難過,0.25,0.57
1569,難聞,0.33,0.57
1570,難熬,0.2,0.78
1571,難題,0.33,0.53
1572,願,0.62,0.5
1573,騙,0.3,0.62
1574,嚴重,0.28,0.75
1575,嚴峻,0.25,0.82
1576,嚴格,0.35,0.72
1577,嚴酷,0.22,0.82
1578,嚴厲,0.35,0.8
1579,寶貴,0.75,0.5
1580,競爭,0.5,0.7
1581,耀眼,0.7,0.68
1582,觸目驚心,0.2,0.88
1583,觸怒,0.22,0.8
1584,觸景傷情,0.22,0.65
1585,贏取,0.68,0.62
1586,贏錢,0.7,0.65
1587,騷動,0.38,0.7
1588,騷擾,0.3,0.62
1589,懼怕,0.2,0.78
1590,爛,0.22,0.57
1591,犧牲,0.33,0.7
1592,纏身,0.33,0.65
1593,纏訟,0.33,0.57
1594,纏綿,0.72,0.7
1595,蠢,0.25,0.53
1596,護,0.62,0.43
1597,躊躇,0.4,0.47
1598,顧慮,0.4,0.45
1599,歡天喜地,0.9,0.85
1600,歡心,0.78,0.7
1601,歡呼,0.78,0.78
1602,歡欣,0.78,0.75
1603,歡笑,0.8,0.72
1604,歡喜,0.8,0.72
1605,歡愉,0.7,0.72
1606,歡樂,0.78,0.72
1607,歡聲,0.78,0.65
1608,歡歡喜喜,0.88,0.72
1609,顫抖,0.28,0.72
1610,驕傲,0.47,0.68
1611,髒,0.28,0.45
1612,攪亂,0.25,0.7
1613,變味,0.3,0.53
1614,變動,0.47,0.62
1615,變質,0.3,0.5
1616,驚,0.47,0.75
1617,驚人,0.47,0.82
1618,驚心,0.45,0.82
1619,驚呆,0.43,0.85
1620,驚奇,0.65,0.8
1621,驚怕,0.33,0.75
1622,驚恐,0.22,0.85
1623,驚悚,0.22,0.85
1624,驚異,0.35,0.78
1625,驚訝,0.5,0.78
1626,驚喜,0.78,0.8
1627,驚愕,0.33,0.8
1628,驚慌,0.28,0.82
1629,驚嘆,0.55,0.82
1630,驚疑,0.38,0.78
1631,驚歎,0.5,0.82
1632,驚險,0.38,0.82
1633,驚駭,0.28,0.85
1634,驚嚇,0.25,0.85
1635,驚擾,0.3,0.72
1636,體面,0.68,0.55
1637,體貼,0.75,0.57
1638,體會,0.68,0.43
1639,體諒,0.7,0.47
1640,靈巧,0.78,0.47
1641,靈活,0.72,0.4
1642,靈敏,0.7,0.4
1643,靈感,0.65,0.4
1644,齷齪,0.15,0.88
1645,讚,0.82,0.57
1646,讚不絕口,0.9,0.88
1647,讚佩,0.85,0.75
1648,讚嘆,0.82,0.78
1649,讚歎,0.82,0.78
1650,讚賞,0.85,0.72
1651,鬱,0.25,0.47
1652,貪污,0.1,0.82
1653,進行,0.55,0.3
1654,舉行,0.57,0.35
1655,發展,0.65,0.4
1656,參加,0.55,0.4
1657,增加,0.6,0.38
1658,合作,0.68,0.4
1659,接受,0.57,0.33
1660,成為,0.55,0.35
1661,完成,0.68,0.5
1662,獲得,0.65,0.4
1663,通過,0.68,0.43
1664,特別,0.6,0.4
1665,瞭解,0.57,0.33
1666,重要,0.62,0.57
1667,建設,0.65,0.35
1668,管理,0.55,0.28
1669,改革,0.65,0.55
1670,開放,0.65,0.45
1671,成長,0.72,0.47
1672,正式,0.55,0.4
1673,準備,0.5,0.35
1674,開發,0.6,0.45
1675,說明,0.47,0.3
1676,聯合,0.5,0.38
1677,經營,0.6,0.38
1678,機會,0.65,0.43
1679,生產,0.6,0.38
1680,專家,0.65,0.4
1681,努力,0.72,0.6
1682,注意,0.57,0.45
1683,達成,0.68,0.5
1684,負責,0.62,0.4
1685,資源,0.55,0.22
1686,公開,0.55,0.35
1687,穩定,0.62,0.3
1688,提高,0.6,0.5
1689,能力,0.57,0.28
1690,達到,0.6,0.5
1691,法律,0.45,0.33
1692,重視,0.57,0.57
1693,協調,0.5,0.4
1694,全面,0.5,0.33
1695,考慮,0.45,0.35
1696,健康,0.62,0.38
1697,實際,0.5,0.28
1698,全力,0.6,0.55
1699,擁有,0.57,0.4
1700,必要,0.5,0.55
1701,經驗,0.57,0.28
1702,促進,0.65,0.55
1703,藝術,0.57,0.22
1704,獨立,0.57,0.3
1705,訓練,0.53,0.4
1706,提升,0.62,0.47
1707,衛生,0.6,0.28
1708,明顯,0.57,0.35
1709,知道,0.55,0.28
1710,符合,0.62,0.3
1711,堅持,0.65,0.53
1712,給予,0.6,0.4
1713,正常,0.6,0.3
1714,權益,0.53,0.35
1715,地位,0.55,0.35
1716,很多,0.57,0.4
1717,音樂,0.53,0.25
1718,良好,0.72,0.4
1719,承認,0.5,0.35
1720,高級,0.65,0.43
1721,學習,0.57,0.35
1722,福利,0.7,0.38
1723,自然,0.53,0.3
1724,通知,0.5,0.3
1725,明確,0.65,0.3
1726,真正,0.55,0.33
1727,確實,0.55,0.33
1728,公平,0.6,0.38
1729,充分,0.6,0.43
1730,得到,0.57,0.38
1731,規範,0.55,0.3
1732,一致,0.53,0.33
1733,合理,0.6,0.33
1734,支援,0.57,0.4
1735,主動,0.6,0.5
1736,掌握,0.53,0.4
1737,紀念,0.57,0.25
1738,容易,0.57,0.28
1739,領先,0.68,0.5
1740,安定,0.57,0.28
1741,財產,0.53,0.17
1742,合法,0.6,0.3
1743,實現,0.6,0.38
1744,獲利,0.7,0.45
1745,防止,0.47,0.5
1746,創造,0.65,0.43
1747,迅速,0.6,0.47
1748,進步,0.7,0.47
1749,秩序,0.57,0.3
1750,當然,0.53,0.38
1751,正確,0.68,0.4
1752,推薦,0.65,0.43
1753,特色,0.57,0.28
1754,實在,0.55,0.3
1755,澄清,0.43,0.38
1756,繁榮,0.7,0.38
1757,時機,0.53,0.28
1758,解除,0.47,0.3
1759,批准,0.55,0.28
1760,認同,0.68,0.45
1761,完整,0.6,0.3
1762,夥伴,0.55,0.28
1763,贊成,0.65,0.45
1764,期待,0.65,0.57
1765,增進,0.6,0.43
1766,著名,0.62,0.33
1767,表揚,0.62,0.45
1768,遵守,0.53,0.25
1769,創新,0.65,0.45
1770,享有,0.55,0.33
1771,平衡,0.55,0.22
1772,詳細,0.55,0.28
1773,許可,0.55,0.28
1774,方便,0.62,0.35
1775,自動,0.55,0.22
1776,友好,0.65,0.43
1777,合格,0.68,0.38
1778,健全,0.65,0.35
1779,固定,0.53,0.22
1780,學會,0.62,0.3
1781,審慎,0.57,0.35
1782,實行,0.53,0.33
1783,信用,0.62,0.35
1784,傑出,0.8,0.5
1785,的確,0.53,0.25
1786,義務,0.5,0.28
1787,思考,0.55,0.3
1788,黃金,0.57,0.28
1789,促成,0.6,0.43
1790,習慣,0.5,0.25
1791,毫無,0.4,0.28
1792,專門,0.53,0.33
1793,顯著,0.55,0.43
1794,慰問,0.4,0.43
1795,清理,0.47,0.4
1796,請求,0.45,0.4
1797,重要性,0.5,0.5
1798,平等,0.6,0.3
1799,務實,0.62,0.33
1800,正義,0.68,0.47
1801,消除,0.38,0.43
1802,清除,0.38,0.43
1803,休息,0.53,0.22
1804,成熟,0.6,0.28
1805,理性,0.57,0.28
1806,強大,0.65,0.55
1807,減輕,0.53,0.35
1808,革命,0.5,0.65
1809,法定,0.5,0.33
1810,贊助,0.62,0.4
1811,明白,0.5,0.35
1812,可行,0.57,0.38
1813,公正,0.7,0.4
1814,福祉,0.65,0.3
1815,克服,0.53,0.55
1816,助益,0.65,0.43
1817,道德,0.57,0.3
1818,圓滿,0.68,0.43
1819,適應,0.53,0.38
1820,奪得,0.53,0.57
1821,生效,0.57,0.35
1822,期許,0.6,0.45
1823,便利,0.62,0.3
1824,熟悉,0.55,0.38
1825,正當,0.65,0.38
1826,履行,0.53,0.35
1827,凝聚,0.57,0.33
1828,革新,0.65,0.55
1829,友誼,0.68,0.38
1830,奮鬥,0.7,0.6
1831,自主,0.57,0.4
1832,巨大,0.53,0.47
1833,開拓,0.57,0.45
1834,過關,0.62,0.5
1835,營養,0.55,0.25
1836,適度,0.53,0.25
1837,罕見,0.53,0.4
1838,天然,0.57,0.33
1839,首位,0.6,0.3
1840,讓步,0.45,0.33
1841,深刻,0.55,0.45
1842,得獎,0.75,0.6
1843,致意,0.53,0.4
1844,名譽,0.65,0.4
1845,愛國,0.72,0.6
1846,中和,0.55,0.22
1847,嚴密,0.47,0.47
1848,突出,0.57,0.5
1849,理解,0.6,0.4
1850,前進,0.62,0.4
1851,聲望,0.62,0.35
1852,慎重,0.57,0.35
1853,熱心,0.68,0.53
1854,推進,0.53,0.47
1855,愉快,0.75,0.47
1856,技巧,0.53,0.28
1857,允諾,0.55,0.35
1858,感動,0.65,0.47
1859,良性,0.68,0.38
1860,清潔,0.53,0.33
1861,便宜,0.62,0.25
1862,想像,0.53,0.33
1863,蓬勃,0.62,0.53
1864,資助,0.55,0.35
1865,警覺,0.45,0.43
1866,發達,0.62,0.5
1867,無罪,0.55,0.38
1868,均衡,0.53,0.25
1869,分工,0.53,0.28
1870,精密,0.57,0.33
1871,卓越,0.7,0.45
1872,充份,0.57,0.38
1873,職責,0.5,0.28
1874,自願,0.5,0.35
1875,輔助,0.53,0.33
1876,倫理,0.53,0.25
1877,互惠,0.68,0.38
1878,平息,0.47,0.35
1879,及格,0.62,0.38
1880,創立,0.55,0.3
1881,節約,0.55,0.3
1882,財富,0.57,0.3
1883,建設性,0.6,0.3
1884,互利,0.6,0.35
1885,切實,0.53,0.33
1886,招待,0.55,0.4
1887,效能,0.55,0.35
1888,諒解,0.47,0.38
1889,開採,0.53,0.35
1890,生育,0.53,0.43
1891,美化,0.62,0.4
1892,夢想,0.65,0.45
1893,優質,0.78,0.43
1894,獨特,0.68,0.4
1895,留意,0.47,0.33
1896,無疑,0.5,0.28
1897,理會,0.5,0.3
1898,約定,0.53,0.38
1899,締造,0.55,0.45
1900,賺錢,0.57,0.45
1901,充裕,0.65,0.38
1902,通用,0.53,0.3
1903,合乎,0.53,0.28
1904,毫不,0.43,0.35
1905,簡易,0.57,0.28
1906,絕無,0.45,0.35
1907,精緻,0.62,0.3
1908,光明,0.7,0.35
1909,好事,0.7,0.35
1910,注目,0.53,0.35
1911,免除,0.5,0.38
1912,穩固,0.6,0.35
1913,保密,0.53,0.33
1914,樂見,0.62,0.45
1915,道理,0.53,0.28
1916,改良,0.57,0.4
1917,新鮮,0.62,0.35
1918,透明,0.5,0.25
1919,古典,0.53,0.22
1920,趣味,0.6,0.4
1921,集資,0.53,0.38
1922,專屬,0.57,0.33
1923,敬佩,0.65,0.45
1924,友善,0.7,0.38
1925,人性,0.5,0.22
1926,合適,0.57,0.28
1927,天使,0.7,0.35
1928,一流,0.72,0.45
1929,助長,0.55,0.45
1930,嚴謹,0.53,0.4
1931,吸引力,0.55,0.33
1932,優於,0.55,0.43
1933,互助,0.6,0.33
1934,深切,0.5,0.38
1935,好奇,0.5,0.4
1936,衛冕,0.62,0.5
1937,守法,0.6,0.33
1938,充足,0.57,0.38
1939,嶄新,0.68,0.5
1940,不遺餘力,0.65,0.57
1941,特大,0.55,0.53
1942,才藝,0.6,0.3
1943,誠摯,0.68,0.4
1944,準確,0.6,0.33
1945,妥當,0.55,0.3
1946,加薪,0.65,0.45
1947,發覺,0.5,0.25
1948,熱忱,0.62,0.47
1949,補足,0.53,0.3
1950,節制,0.5,0.33
1951,暢談,0.6,0.55
1952,鼓掌,0.65,0.55
1953,在意,0.5,0.35
1954,精確,0.6,0.35
1955,矯正,0.47,0.38
1956,聲譽,0.55,0.4
1957,無比,0.55,0.28
1958,無異議,0.53,0.25
1959,去除,0.47,0.3
1960,實用,0.57,0.35
1961,誠懇,0.7,0.38
1962,協力,0.6,0.33
1963,發育,0.57,0.33
1964,捐獻,0.68,0.45
1965,熱誠,0.7,0.53
1966,良心,0.62,0.3
1967,由衷,0.5,0.35
1968,清晰,0.55,0.33
1969,奪冠,0.75,0.6
1970,合法性,0.53,0.35
1971,適任,0.57,0.3
1972,樂於,0.68,0.45
1973,邏輯,0.53,0.22
1974,有名,0.62,0.4
1975,可取,0.6,0.33
1976,調停,0.47,0.3
1977,讚許,0.7,0.55
1978,非凡,0.65,0.38
1979,奇異,0.53,0.43
1980,感人,0.65,0.55
1981,在乎,0.57,0.43
1982,遠見,0.65,0.35
1983,持久,0.57,0.38
1984,正規,0.6,0.28
1985,親近,0.65,0.35
1986,醫治,0.47,0.35
1987,人情,0.53,0.3
1988,穩定性,0.55,0.25
1989,難忘,0.53,0.4
1990,端正,0.57,0.33
1991,修理,0.47,0.35
1992,教養,0.57,0.33
1993,洋溢,0.65,0.45
1994,啟發,0.62,0.4
1995,討好,0.45,0.43
1996,廣闊,0.62,0.28
1997,禮貌,0.62,0.3
1998,負有,0.47,0.25
1999,明瞭,0.6,0.33
2000,如意,0.72,0.4
2001,吉祥,0.72,0.4
2002,自立,0.6,0.4
2003,晴朗,0.65,0.43
2004,調劑,0.5,0.22
2005,毅力,0.62,0.4
2006,精選,0.62,0.35
2007,親善,0.68,0.45
2008,勤奮,0.72,0.5
2009,微妙,0.55,0.28
2010,奮力,0.7,0.55
2011,奪魁,0.7,0.53
2012,決定性,0.55,0.45
2013,詳盡,0.57,0.3
2014,風度,0.62,0.33
2015,茁壯,0.68,0.47
2016,別緻,0.6,0.33
2017,特許,0.6,0.35
2018,安然,0.6,0.25
2019,知性,0.62,0.25
2020,求新,0.65,0.43
2021,安泰,0.65,0.33
2022,褒揚,0.65,0.53
2023,無誤,0.55,0.28
2024,遙遙領先,0.75,0.6
2025,多福,0.65,0.35
2026,歡慶,0.72,0.62
2027,稀少,0.5,0.33
2028,廉潔,0.6,0.28
2029,可貴,0.62,0.33
2030,熱中,0.68,0.55
2031,自助,0.57,0.35
2032,至上,0.62,0.33
2033,攻讀,0.6,0.43
2034,為榮,0.75,0.55
2035,恭喜,0.72,0.57
2036,吸引人,0.65,0.45
2037,正統,0.62,0.35
2038,消退,0.47,0.38
2039,清明,0.53,0.25
2040,才華,0.68,0.38
2041,根除,0.5,0.47
2042,關愛,0.65,0.38
2043,客氣,0.57,0.33
2044,狂歡,0.7,0.75
2045,同感,0.53,0.38
2046,永恆,0.62,0.35
2047,不懈,0.6,0.45
2048,調和,0.53,0.3
2049,謙虛,0.68,0.25
2050,奠基,0.62,0.3
2051,保釋,0.4,0.33
2052,學識,0.62,0.22
2053,積極性,0.65,0.55
2054,品味,0.57,0.38
2055,勝任,0.65,0.33
2056,逼真,0.57,0.43
2057,細膩,0.62,0.3
2058,盡情,0.6,0.47
2059,偏袒,0.33,0.47
2060,相容,0.55,0.28
2061,踏實,0.65,0.38
2062,流利,0.68,0.33
2063,固守,0.53,0.33
2064,致富,0.68,0.47
2065,有理,0.65,0.33
2066,進取,0.68,0.47
2067,智力,0.55,0.25
2068,解開,0.57,0.43
2069,升起,0.55,0.35
2070,安樂,0.57,0.3
2071,憧憬,0.6,0.3
2072,創造力,0.68,0.43
2073,忠貞,0.65,0.4
2074,天真,0.65,0.28
2075,不爭,0.43,0.3
2076,功德,0.68,0.33
2077,好感,0.62,0.38
2078,征服,0.53,0.57
2079,豁免,0.53,0.45
2080,貴族,0.55,0.22
2081,善於,0.62,0.38
2082,協作,0.62,0.35
2083,首肯,0.53,0.25
2084,吉利,0.72,0.35
2085,鬥志,0.72,0.6
2086,相等,0.53,0.25
2087,自白,0.5,0.28
2088,興盛,0.68,0.5
2089,完好,0.62,0.38
2090,名聲,0.57,0.28
2091,功績,0.65,0.35
2092,魔法,0.53,0.25
2093,出名,0.65,0.47
2094,可信,0.6,0.33
2095,光彩,0.7,0.4
2096,可喜,0.68,0.45
2097,堅固,0.62,0.25
2098,光芒,0.55,0.35
2099,遵從,0.55,0.4
2100,流暢,0.62,0.33
2101,熟練,0.6,0.3
2102,巧妙,0.6,0.33
2103,旗開得勝,0.78,0.6
2104,忍耐,0.45,0.43
2105,正確性,0.6,0.3
2106,好吃,0.68,0.43
2107,助手,0.53,0.25
2108,過癮,0.65,0.45
2109,精通,0.68,0.4
2110,白金,0.55,0.22
2111,贊成票,0.62,0.35
2112,激盪,0.57,0.62
2113,想像力,0.55,0.38
2114,愛上,0.68,0.47
2115,美感,0.65,0.35
2116,得力,0.6,0.35
2117,行善,0.72,0.4
2118,不凡,0.62,0.45
2119,不忍,0.43,0.4
2120,愉悅,0.7,0.45
2121,熱力,0.57,0.28
2122,萬能,0.68,0.4
2123,滿懷,0.57,0.35
2124,安康,0.68,0.3
2125,尊崇,0.7,0.4
2126,貴重,0.62,0.35
2127,指望,0.5,0.28
2128,富強,0.72,0.47
2129,好意,0.65,0.33
2130,健美,0.6,0.33
2131,說服力,0.53,0.33
2132,防備,0.45,0.35
2133,細緻,0.6,0.3
2134,高歌,0.62,0.5
2135,寫實,0.55,0.3
2136,正直,0.7,0.35
2137,獨一無二,0.68,0.45
2138,發財,0.72,0.6
2139,真愛,0.72,0.47
2140,分寸,0.47,0.3
2141,堅毅,0.68,0.43
2142,緊要,0.45,0.38
2143,學成,0.65,0.4
2144,出乎意料,0.53,0.62
2145,分工合作,0.65,0.45
2146,打趣,0.6,0.4
2147,感同身受,0.5,0.43
2148,義不容辭,0.65,0.65
2149,通俗,0.5,0.28
2150,防水,0.55,0.28
2151,可靠性,0.62,0.33
2152,平坦,0.53,0.17
2153,正大,0.62,0.3
2154,純真,0.65,0.25
2155,純淨,0.62,0.25
2156,懇求,0.45,0.55
2157,嗜好,0.53,0.25
2158,喜氣洋洋,0.8,0.5
2159,上等,0.68,0.33
2160,均等,0.53,0.2
2161,高尚,0.68,0.3
2162,獨有,0.6,0.33
2163,精細,0.62,0.33
2164,用功,0.65,0.5
2165,激賞,0.68,0.6
2166,奮勇,0.68,0.65
2167,生日快樂,0.7,0.5
2168,無庸置疑,0.55,0.35
2169,富麗,0.68,0.35
2170,賞識,0.65,0.4
2171,激昂,0.62,0.68
2172,精明,0.6,0.38
2173,要緊,0.47,0.53
2174,新奇,0.6,0.4
2175,高處,0.5,0.2
2176,抒發,0.47,0.35
2177,引以為傲,0.7,0.6
2178,謙卑,0.65,0.35
2179,適性,0.55,0.22
2180,崇敬,0.68,0.4
2181,正派,0.68,0.33
2182,規矩,0.53,0.25
2183,典雅,0.62,0.3
2184,連貫,0.5,0.25
2185,睿智,0.68,0.35
2186,談戀愛,0.65,0.55
2187,善行,0.68,0.35
2188,寬闊,0.62,0.33
2189,特級,0.68,0.43
2190,耐性,0.53,0.33
2191,英明,0.7,0.38
2192,漸入佳境,0.68,0.38
2193,富足,0.7,0.35
2194,孝行,0.7,0.3
2195,創造性,0.68,0.38
2196,與有榮焉,0.7,0.5
2197,雀躍,0.72,0.62
2198,心動,0.68,0.6
2199,上好,0.68,0.4
2200,機智,0.65,0.4
2201,自如,0.53,0.22
2202,沈著,0.57,0.25
2203,直覺,0.5,0.28
2204,人情味,0.68,0.38
2205,造詣,0.6,0.3
2206,耐用,0.57,0.3
2207,閃爍,0.57,0.3
2208,良善,0.7,0.33
2209,老實,0.65,0.33
2210,相稱,0.57,0.28
2211,均勻,0.55,0.25
2212,消遣,0.43,0.35
2213,群策群力,0.65,0.38
2214,涼爽,0.62,0.38
2215,奮發,0.7,0.55
2216,實用性,0.55,0.28
2217,內行,0.65,0.35
2218,奇妙,0.6,0.4
2219,義無反顧,0.5,0.55
2220,手藝,0.55,0.22
2221,盡興,0.65,0.47
2222,問題,0.43,0.3
2223,沒有,0.43,0.3
2224,要求,0.45,0.33
2225,無法,0.38,0.38
2226,不會,0.38,0.38
2227,不能,0.38,0.4
2228,短暫,0.45,0.33
2229,減少,0.43,0.3
2230,利用,0.47,0.33
2231,超過,0.5,0.45
2232,不要,0.38,0.4
2233,下跌,0.28,0.45
2234,避免,0.4,0.35
2235,大浪,0.5,0.4
2236,透露,0.5,0.3
2237,不斷,0.5,0.43
2238,限制,0.4,0.4
2239,尚未,0.43,0.25
2240,降低,0.47,0.33
2241,危機,0.28,0.57
2242,緊急,0.35,0.57
2243,困難,0.33,0.38
2244,犯罪,0.17,0.55
2245,污染,0.25,0.5
2246,地震,0.3,0.53
2247,可望,0.45,0.38
2248,違反,0.33,0.45
2249,取消,0.38,0.43
2250,逮捕,0.38,0.55
2251,不得,0.38,0.4
2252,停止,0.47,0.33
2253,有意,0.45,0.43
2254,意外,0.3,0.53
2255,下降,0.45,0.35
2256,非法,0.25,0.4
2257,排除,0.4,0.43
2258,感染,0.28,0.5
2259,警告,0.33,0.5
2260,絕對,0.5,0.57
2261,障礙,0.4,0.4
2262,危險,0.17,0.62
2263,指控,0.28,0.68
2264,發動,0.5,0.47
2265,疾病,0.3,0.38
2266,離開,0.45,0.38
2267,不可,0.38,0.4
2268,激烈,0.43,0.72
2269,走私,0.22,0.53
2270,失業,0.25,0.38
2271,機車,0.45,0.3
2272,事故,0.25,0.45
2273,災害,0.2,0.57
2274,反彈,0.35,0.55
2275,一再,0.43,0.38
2276,難以,0.38,0.43
2277,毒品,0.25,0.53
2278,患者,0.3,0.4
2279,爆炸,0.28,0.62
2280,歹徒,0.25,0.55
2281,起訴,0.25,0.55
2282,貶值,0.33,0.4
2283,絕不,0.3,0.6
2284,拆除,0.35,0.47
2285,風暴,0.28,0.55
2286,突然,0.45,0.53
2287,病人,0.38,0.3
2288,判決,0.45,0.4
2289,徵收,0.45,0.47
2290,刑事,0.4,0.45
2291,武力,0.35,0.53
2292,辯論,0.43,0.6
2293,退出,0.4,0.38
2294,被告,0.35,0.35
2295,糾紛,0.3,0.45
2296,台獨,0.57,0.72
2297,不佳,0.33,0.45
2298,對手,0.47,0.38
2299,不良,0.3,0.43
2300,自殺,0.12,0.62
2301,強制,0.4,0.65
2302,落後,0.3,0.4
2303,難民,0.28,0.38
2304,困擾,0.33,0.43
2305,不法,0.3,0.4
2306,不明,0.38,0.3
2307,命令,0.4,0.55
2308,監獄,0.3,0.4
2309,陷入,0.33,0.38
2310,自我,0.45,0.3
2311,作戰,0.38,0.55
2312,審判,0.38,0.47
2313,死者,0.28,0.43
2314,赤字,0.3,0.45
2315,遭遇,0.38,0.47
2316,武裝,0.4,0.38
2317,不如,0.4,0.3
2318,暫停,0.47,0.3
2319,道歉,0.33,0.43
2320,不易,0.38,0.33
2321,困境,0.33,0.33
2322,不景氣,0.3,0.35
2323,異議,0.38,0.35
2324,控告,0.3,0.5
2325,癌症,0.2,0.45
2326,複雜,0.4,0.38
2327,派系,0.43,0.35
2328,刪除,0.38,0.33
2329,危害,0.28,0.47
2330,阻止,0.4,0.47
2331,秘密,0.45,0.3
2332,保守,0.5,0.33
2333,罷工,0.38,0.55
2334,過度,0.38,0.55
2335,不實,0.3,0.38
2336,撤銷,0.33,0.5
2337,通貨膨脹,0.38,0.5
2338,屍體,0.25,0.35
2339,不管,0.43,0.35
2340,火災,0.28,0.6
2341,脫離,0.4,0.45
2342,迫使,0.33,0.47
2343,搜索,0.43,0.47
2344,游擊隊,0.47,0.43
2345,廢除,0.43,0.57
2346,現實,0.45,0.33
2347,追蹤,0.43,0.28
2348,輻射,0.28,0.47
2349,恐怕,0.35,0.5
2350,綁架,0.2,0.62
2351,黑道,0.3,0.53
2352,失事,0.2,0.55
2353,異常,0.3,0.4
2354,風波,0.4,0.4
2355,彈劾,0.3,0.55
2356,大雨,0.45,0.47
2357,罰款,0.35,0.38
2358,判刑,0.3,0.5
2359,東西,0.5,0.22
2360,殺害,0.12,0.78
2361,浪費,0.33,0.45
2362,意圖,0.4,0.35
2363,終止,0.4,0.45
2364,無關,0.45,0.33
2365,縮小,0.47,0.25
2366,爭執,0.3,0.62
2367,差異,0.43,0.3
2368,竟然,0.47,0.47
2369,中毒,0.22,0.62
2370,政變,0.25,0.62
2371,可疑,0.3,0.5
2372,分離,0.4,0.38
2373,代價,0.4,0.35
2374,去世,0.2,0.38
2375,削減,0.35,0.45
2376,子彈,0.43,0.38
2377,射擊,0.45,0.47
2378,故障,0.35,0.4
2379,處置,0.47,0.38
2380,封鎖,0.38,0.43
2381,洪水,0.33,0.47
2382,緩慢,0.47,0.25
2383,干擾,0.4,0.4
2384,承受,0.45,0.35
2385,非正式,0.45,0.4
2386,推翻,0.4,0.53
2387,對付,0.35,0.47
2388,轟炸,0.35,0.62
2389,對立,0.3,0.55
2390,縮減,0.38,0.4
2391,打壓,0.28,0.62
2392,過多,0.35,0.43
2393,萎縮,0.33,0.43
2394,災難,0.28,0.57
2395,依賴,0.5,0.3
2396,中止,0.43,0.38
2397,阻礙,0.35,0.45
2398,空襲,0.25,0.62
2399,感冒,0.3,0.35
2400,倒塌,0.28,0.55
2401,申訴,0.4,0.38
2402,不予,0.4,0.3
2403,辛苦,0.4,0.35
2404,加重,0.35,0.43
2405,蔓延,0.43,0.47
2406,否決,0.35,0.53
2407,消失,0.38,0.38
2408,弊端,0.22,0.55
2409,頻繁,0.5,0.45
2410,敦促,0.53,0.33
2411,高價,0.53,0.35
2412,破產,0.25,0.57
2413,擺脫,0.43,0.57
2414,延誤,0.33,0.53
2415,賭博,0.25,0.45
2416,不公,0.3,0.47
2417,違建,0.28,0.47
2418,陰影,0.38,0.43
2419,外來,0.43,0.38
2420,遏止,0.38,0.62
2421,暗示,0.47,0.33
2422,不應該,0.38,0.5
2423,致使,0.45,0.43
2424,流亡,0.33,0.6
2425,批發,0.55,0.35
2426,破裂,0.3,0.53
2427,襲擊,0.2,0.7
2428,搶劫,0.17,0.75
2429,打出,0.43,0.62
2430,醜聞,0.28,0.55
2431,暴動,0.2,0.72
2432,佔領,0.3,0.68
2433,神經,0.4,0.4
2434,拖延,0.4,0.5
2435,制止,0.43,0.6
2436,傳染,0.3,0.5
2437,故意,0.35,0.5
2438,殺人,0.1,0.78
2439,減弱,0.35,0.4
2440,噪音,0.33,0.5
2441,開除,0.28,0.6
2442,開槍,0.22,0.62
2443,撲滅,0.35,0.65
2444,傾銷,0.35,0.55
2445,高壓,0.4,0.5
2446,警報,0.33,0.5
2447,流氓,0.3,0.55
2448,激進,0.33,0.72
2449,燃燒,0.43,0.38
2450,宣判,0.43,0.45
2451,動亂,0.28,0.65
2452,毆打,0.2,0.72
2453,憤怒,0.2,0.7
2454,垃圾場,0.35,0.33
2455,不顧,0.35,0.43
2456,慘重,0.2,0.55
2457,任意,0.4,0.4
2458,干涉,0.33,0.47
2459,受害者,0.22,0.45
2460,超出,0.4,0.53
2461,佔用,0.33,0.5
2462,罰金,0.33,0.43
2463,可惜,0.33,0.43
2464,自稱,0.5,0.3
2465,禁令,0.33,0.47
2466,冷戰,0.33,0.43
2467,沈重,0.35,0.4
2468,延期,0.38,0.33
2469,腫瘤,0.25,0.47
2470,抹黑,0.28,0.55
2471,包圍,0.4,0.5
2472,傳染病,0.3,0.43
2473,沒想到,0.47,0.38
2474,不成,0.35,0.3
2475,觸犯,0.33,0.55
2476,勾結,0.3,0.57
2477,廢止,0.38,0.5
2478,發燒,0.3,0.53
2479,勒索,0.25,0.68
2480,欠缺,0.33,0.38
2481,模糊,0.4,0.33
2482,退回,0.38,0.47
2483,海洛因,0.2,0.53
2484,孤立,0.33,0.4
2485,侵入,0.3,0.62
2486,擅自,0.33,0.55
2487,流血,0.33,0.55
2488,危及,0.25,0.68
2489,失利,0.3,0.55
2490,暴亂,0.17,0.72
2491,傾倒,0.35,0.47
2492,迫切,0.35,0.53
2493,強暴,0.12,0.78
2494,壟斷,0.3,0.5
2495,辭呈,0.3,0.4
2496,老年,0.45,0.22
2497,駁回,0.35,0.45
2498,吸毒,0.22,0.65
2499,廢棄,0.3,0.5
2500,癱瘓,0.22,0.57
2501,扣押,0.28,0.57
2502,致死,0.15,0.65
2503,太過,0.38,0.53
2504,倒閉,0.22,0.57
2505,強盜,0.25,0.62
2506,相反,0.47,0.35
2507,撤回,0.4,0.5
2508,減低,0.43,0.28
2509,沒收,0.33,0.45
2510,控訴,0.28,0.55
2511,頭痛,0.33,0.5
2512,動盪,0.33,0.47
2513,屠殺,0.15,0.78
2514,差別,0.4,0.3
2515,嫌疑,0.33,0.45
2516,揭露,0.38,0.53
2517,對峙,0.43,0.53
2518,落選,0.28,0.53
2519,乾旱,0.28,0.45
2520,缺席,0.35,0.45
2521,擊中,0.45,0.57
2522,猖獗,0.25,0.68
2523,疑問,0.45,0.38
2524,陷於,0.38,0.38
2525,特權,0.43,0.45
2526,細菌,0.38,0.4
2527,瑕疵,0.33,0.35
2528,未必,0.45,0.38
2529,暴露,0.3,0.6
2530,氾濫,0.28,0.57
2531,不肖,0.25,0.6
2532,瓦解,0.33,0.55
2533,嚴肅,0.45,0.4
2534,逼近,0.38,0.4
2535,不清,0.38,0.38
2536,賄賂,0.22,0.57
2537,淪為,0.35,0.47
2538,分開,0.35,0.5
2539,延遲,0.33,0.4
2540,加深,0.45,0.5
2541,動武,0.3,0.62
2542,逃生,0.33,0.62
2543,受阻,0.3,0.6
2544,變革,0.33,0.62
2545,分割,0.35,0.55
2546,獨裁,0.25,0.6
2547,陰謀,0.28,0.55
2548,謠言,0.33,0.47
2549,逃亡,0.25,0.6
2550,格外,0.47,0.4
2551,崩潰,0.22,0.72
2552,掩埋,0.43,0.4
2553,行賄,0.22,0.68
2554,告發,0.35,0.55
2555,藉口,0.33,0.47
2556,扣留,0.3,0.55
2557,不彰,0.3,0.5
2558,戰場,0.3,0.57
2559,無可,0.43,0.33
2560,拖累,0.33,0.55
2561,誤導,0.33,0.53
2562,流浪,0.3,0.43
2563,延緩,0.45,0.25
2564,搶奪,0.25,0.7
2565,相差,0.43,0.25
2566,加劇,0.38,0.6
2567,避開,0.4,0.47
2568,哀悼,0.2,0.57
2569,漏洞,0.33,0.38
2570,暴雨,0.33,0.57
2571,過世,0.17,0.53
2572,擁擠,0.35,0.55
2573,肆虐,0.28,0.65
2574,搶走,0.3,0.6
2575,大聲,0.45,0.6
2576,監禁,0.28,0.45
2577,囚犯,0.25,0.45
2578,驅逐,0.28,0.62
2579,投機,0.33,0.5
2580,過剩,0.4,0.38
2581,削弱,0.38,0.45
2582,燒燬,0.28,0.6
2583,傷口,0.33,0.33
2584,暴行,0.25,0.68
2585,地雷,0.28,0.5
2586,肥胖,0.38,0.35
2587,血腥,0.22,0.57
2588,化石,0.5,0.15
2589,慢性,0.38,0.33
2590,誹謗,0.25,0.62
2591,埋伏,0.35,0.47
2592,下陷,0.33,0.43
2593,窘境,0.33,0.43
2594,挖掘,0.5,0.25
2595,規避,0.38,0.45
2596,闖入,0.28,0.65
2597,突發,0.38,0.65
2598,動搖,0.38,0.55
2599,遺失,0.35,0.4
2600,欠佳,0.33,0.38
2601,投降,0.33,0.5
2602,不以為然,0.45,0.38
2603,貿然,0.38,0.53
2604,退役,0.5,0.35
2605,濃煙,0.38,0.4
2606,進攻,0.4,0.65
2607,被害,0.17,0.68
2608,兇手,0.15,0.62
2609,捲入,0.38,0.5
2610,發作,0.4,0.6
2611,拘留,0.33,0.53
2612,蓄意,0.3,0.62
2613,戰役,0.4,0.45
2614,漠視,0.33,0.35
2615,共犯,0.25,0.55
2616,極度,0.4,0.65
2617,浮動,0.45,0.43
2618,安撫,0.5,0.28
2619,自認,0.5,0.22
2620,昏迷,0.25,0.5
2621,求助,0.33,0.6
2622,受難者,0.2,0.53
2623,停滯,0.35,0.35
2624,骨折,0.28,0.5
2625,殖民,0.38,0.38
2626,相撞,0.25,0.62
2627,嚴懲,0.22,0.7
2628,反覆,0.45,0.35
2629,警惕,0.43,0.47
2630,好戰,0.45,0.62
2631,恫嚇,0.25,0.7
2632,欺騙,0.28,0.62
2633,瘋狂,0.43,0.75
2634,撞擊,0.33,0.65
2635,次級,0.4,0.33
2636,遲緩,0.38,0.43
2637,投訴,0.35,0.5
2638,施以,0.47,0.35
2639,阻塞,0.4,0.5
2640,抵抗,0.3,0.65
2641,忍受,0.33,0.57
2642,撤退,0.35,0.53
2643,默默,0.47,0.25
2644,混淆,0.38,0.4
2645,毀滅性,0.28,0.68
2646,有罪,0.25,0.55
2647,滲透,0.4,0.33
2648,衝撞,0.33,0.6
2649,絲毫,0.47,0.2
2650,脂肪,0.5,0.15
2651,無形,0.5,0.2
2652,限定,0.5,0.5
2653,停頓,0.47,0.22
2654,炸藥,0.28,0.5
2655,停業,0.3,0.45
2656,制服,0.5,0.15
2657,轟動,0.47,0.7
2658,暴徒,0.17,0.65
2659,暗殺,0.1,0.62
2660,殘骸,0.25,0.33
2661,耗費,0.43,0.3
2662,負荷,0.38,0.4
2663,未定,0.43,0.33
2664,顛覆,0.53,0.55
2665,居然,0.45,0.45
2666,薄弱,0.33,0.38
2667,衰竭,0.3,0.38
2668,大屠殺,0.1,0.78
2669,免職,0.25,0.47
2670,潛逃,0.3,0.62
2671,誤差,0.38,0.33
2672,變相,0.47,0.4
2673,擔負,0.43,0.45
2674,牴觸,0.38,0.57
2675,暴跌,0.25,0.6
2676,隱藏,0.45,0.28
2677,佔據,0.38,0.55
2678,清算,0.35,0.57
2679,蒙受,0.33,0.45
2680,分化,0.38,0.4
2681,招致,0.38,0.53
2682,有毒,0.25,0.6
2683,犯人,0.2,0.53
2684,酒醉,0.3,0.55
2685,消耗,0.35,0.43
2686,過敏,0.38,0.35
2687,寒冷,0.45,0.25
2688,不下,0.43,0.2
2689,不休,0.4,0.35
2690,蕭條,0.33,0.33
2691,壓倒性,0.53,0.65
2692,追逐,0.47,0.55
2693,贓物,0.28,0.38
2694,勒贖,0.17,0.62
2695,包庇,0.3,0.45
2696,罷黜,0.33,0.6
2697,斷裂,0.33,0.53
2698,痛心,0.22,0.7
2699,口角,0.3,0.55
2700,過份,0.3,0.62
2701,觸及,0.45,0.35
2702,偏差,0.35,0.35
2703,追捕,0.38,0.6
2704,灼傷,0.28,0.53
2705,抓住,0.43,0.47
2706,切斷,0.4,0.5
2707,攻佔,0.45,0.57
2708,盲目,0.35,0.4
2709,流出,0.47,0.28
2710,婉拒,0.4,0.25
2711,動手,0.38,0.53
2712,斷絕,0.28,0.6
2713,落入,0.38,0.5
2714,感慨,0.38,0.3
2715,冗長,0.38,0.28
2716,打入,0.43,0.35
2717,情結,0.47,0.2
2718,嘔吐,0.3,0.62
2719,怎樣,0.4,0.43
2720,隱瞞,0.33,0.45
2721,毒氣,0.25,0.45
2722,求救,0.33,0.62
2723,屈服,0.35,0.45
2724,拜託,0.43,0.53
2725,捕捉,0.4,0.55
2726,過量,0.33,0.47
2727,傾斜,0.35,0.35
2728,未遂,0.3,0.38
2729,拖欠,0.33,0.43
2730,摩擦,0.38,0.45
2731,安慰,0.45,0.3
2732,歸咎於,0.33,0.35
2733,遏制,0.38,0.57
2734,質問,0.33,0.65
2735,受挫,0.3,0.62
2736,危急,0.25,0.68
2737,狹窄,0.4,0.3
2738,不得已,0.33,0.38
2739,殖民地,0.4,0.28
2740,暗中,0.4,0.28
2741,飢餓,0.3,0.5
2742,掩飾,0.43,0.28
2743,下手,0.3,0.47
2744,洩露,0.35,0.47
2745,煽動,0.3,0.68
2746,寧可,0.43,0.25
2747,生變,0.35,0.38
2748,智障,0.22,0.47
2749,老大,0.47,0.22
2750,共謀,0.35,0.53
2751,發炎,0.35,0.47
2752,較勁,0.43,0.65
2753,得不到,0.35,0.35
2754,擠滿,0.4,0.33
2755,不和,0.35,0.4
2756,瀰漫,0.45,0.25
2757,擾亂,0.35,0.55
2758,受難,0.25,0.6
2759,假冒,0.35,0.43
2760,不尋常,0.33,0.33
2761,行竊,0.25,0.57
2762,麻醉,0.4,0.28
2763,縱容,0.33,0.53
2764,專制,0.33,0.57
2765,違章,0.35,0.53
2766,訝異,0.35,0.5
2767,限度,0.43,0.33
2768,洩漏,0.33,0.43
2769,近視,0.4,0.2
2770,煞車,0.45,0.3
2771,孤兒,0.38,0.33
2772,炸毀,0.25,0.7
2773,激戰,0.38,0.75
2774,議論,0.43,0.5
2775,窮人,0.33,0.28
2776,出賣,0.25,0.47
2777,餘地,0.43,0.4
2778,屠宰,0.22,0.57
2779,不合時宜,0.35,0.33
2780,低潮,0.35,0.28
2781,毛病,0.35,0.35
2782,作秀,0.35,0.4
2783,踐踏,0.35,0.5
2784,寧願,0.47,0.22
2785,遇刺,0.22,0.6
2786,無家可歸,0.3,0.43
2787,失調,0.35,0.33
2788,猥褻,0.22,0.55
2789,野心,0.53,0.55
2790,背信,0.28,0.65
2791,侵蝕,0.3,0.43
2792,牽制,0.35,0.53
2793,囚禁,0.25,0.62
2794,殺人罪,0.1,0.72
2795,慘案,0.12,0.68
2796,清寒,0.35,0.35
2797,失效,0.38,0.38
2798,剷除,0.38,0.55
2799,匱乏,0.33,0.43
2800,黑暗,0.38,0.33
2801,突襲,0.35,0.53
2802,竊賊,0.26,0.53
2803,錯失,0.31,0.68
2804,緊迫,0.41,0.82
2805,陷阱,0.29,0.56
2806,悄悄,0.5,0.17
2807,牲畜,0.3,0.55
2808,通牒,0.33,0.61
2809,剔除,0.41,0.45
2810,犯規,0.31,0.57
2811,唾棄,0.22,0.5
2812,查禁,0.44,0.39
2813,不切實際,0.33,0.44
2814,垮台,0.21,0.66
2815,放射,0.5,0.34
2816,勸阻,0.54,0.55
2817,病菌,0.33,0.31
2818,塌陷,0.3,0.53
2819,沈默,0.46,0.15
2820,潛入,0.44,0.29
2821,定罪,0.39,0.46
2822,牽連,0.38,0.41
2823,施暴,0.2,0.75
2824,苦難,0.25,0.45
2825,裂縫,0.4,0.24
2826,勸告,0.49,0.4
2827,內情,0.49,0.31
2828,洩密,0.26,0.54
2829,劣勢,0.31,0.44
2830,剝削,0.22,0.65
2831,逼迫,0.25,0.75
2832,復發,0.33,0.46
2833,困在,0.33,0.45
2834,麻痺,0.39,0.25
2835,尖銳,0.41,0.26
2836,不理,0.4,0.26
2837,碰撞,0.41,0.43
2838,堵塞,0.38,0.39
2839,出軌,0.28,0.62
2840,乾燥,0.47,0.1
2841,權宜,0.54,0.22
2842,曲折,0.36,0.34
2843,否決權,0.49,0.22
2844,燒傷,0.33,0.51
2845,拚命,0.53,0.81
2846,迷信,0.38,0.33
2847,敗北,0.3,0.57
2848,震動,0.5,0.35
2849,逐出,0.29,0.6
2850,損毀,0.3,0.56
2851,慾望,0.47,0.5
2852,己見,0.5,0.26
2853,攻擊性,0.3,0.57
2854,責難,0.33,0.49
2855,冷漠,0.38,0.22
2856,逃跑,0.31,0.6
2857,蠻橫,0.29,0.6
2858,畏懼,0.29,0.54
2859,砍傷,0.24,0.69
2860,圖謀,0.4,0.36
2861,灌輸,0.47,0.24
2862,圍毆,0.22,0.68
2863,沒有用,0.28,0.39
2864,枯竭,0.36,0.21
2865,逃犯,0.33,0.45
2866,過早,0.44,0.29
2867,墳墓,0.41,0.12
2868,催促,0.44,0.54
2869,走下坡,0.38,0.33
2870,鬆散,0.38,0.28
2871,脫落,0.4,0.25
2872,中傷,0.29,0.62
2873,趕出,0.36,0.54
2874,不肯,0.44,0.41
2875,噴出,0.49,0.44
2876,誇張,0.44,0.65
2877,競爭者,0.55,0.28
2878,不予置評,0.43,0.22
2879,犯錯,0.36,0.39
2880,廢物,0.24,0.62
2881,宰殺,0.38,0.54
2882,鼓動,0.46,0.54
2883,海難,0.26,0.61
2884,落淚,0.43,0.5
2885,鯊魚,0.44,0.45
2886,有礙,0.4,0.34
2887,扼殺,0.26,0.65
2888,飲恨,0.35,0.6
2889,顧忌,0.45,0.41
2890,流言,0.39,0.36
2891,討價還價,0.41,0.49
2892,侵吞,0.3,0.6
2893,上吊,0.15,0.62
2894,覬覦,0.38,0.36
2895,昏倒,0.33,0.36
2896,失血,0.38,0.45
2897,關押,0.34,0.45
2898,虛偽,0.26,0.4
2899,賭注,0.47,0.21
2900,引咎,0.43,0.36
2901,逼使,0.31,0.62
2902,行騙,0.29,0.51
2903,饑荒,0.24,0.44
2904,譭謗,0.25,0.62
2905,壓倒,0.41,0.6
2906,盜竊,0.25,0.56
2907,埋葬,0.38,0.31
2908,難看,0.3,0.33
2909,徒然,0.43,0.33
2910,掠奪,0.21,0.69
2911,誘騙,0.26,0.55
2912,強盜罪,0.21,0.57
2913,不甘示弱,0.54,0.66
2914,輕率,0.39,0.34
2915,橫渡,0.5,0.25
2916,隱密,0.5,0.11
2917,不知去向,0.41,0.21
2918,丟掉,0.43,0.28
2919,雜物,0.45,0.12
2920,惡習,0.33,0.39
2921,新手,0.47,0.15
2922,不智,0.34,0.36
2923,著火,0.29,0.68
2924,破洞,0.38,0.29
2925,急切,0.49,0.69
2926,沉默,0.49,0.08
2927,混沌,0.38,0.36
2928,劣質,0.3,0.38
2929,不好意思,0.44,0.33
2930,一蹶不振,0.22,0.39
2931,遊蕩,0.41,0.24
2932,寄生蟲,0.3,0.36
2933,造假,0.3,0.46
2934,擊潰,0.49,0.56
2935,避重就輕,0.36,0.41
2936,失序,0.35,0.44
2937,荒廢,0.33,0.33
2938,勞累,0.36,0.26
2939,電擊,0.43,0.51
2940,挑撥,0.33,0.51
2941,下獄,0.25,0.53
2942,遭殃,0.31,0.54
2943,反常,0.4,0.31
2944,姦淫,0.22,0.64
2945,自認為,0.41,0.44
2946,狂風,0.47,0.54
2947,鮮豔,0.56,0.31
2948,清秀,0.6,0.21
2949,戀戀,0.59,0.4
2950,敬禮,0.57,0.2
2951,責任心,0.71,0.29
2952,柔和,0.56,0.1
2953,樸素,0.54,0.08
2954,安祥,0.59,0.08
2955,魔力,0.5,0.34
2956,不屈不撓,0.76,0.64
2957,奮起,0.68,0.6
2958,率直,0.62,0.33
2959,歡騰,0.71,0.61
2960,節儉,0.62,0.16
2961,寓意,0.53,0.14
2962,快快樂樂,0.76,0.56
2963,合意,0.59,0.33
2964,接濟,0.49,0.26
2965,苦思,0.44,0.3
2966,間歇,0.53,0.22
2967,柔情,0.61,0.17
2968,穩重,0.64,0.19
2969,熱戀,0.69,0.62
2970,愛國心,0.69,0.46
2971,可敬,0.68,0.46
2972,攙扶,0.59,0.19
2973,英雄式,0.69,0.56
2974,光澤,0.53,0.16
2975,滿載而歸,0.74,0.57
2976,喝彩,0.71,0.65
2977,奮不顧身,0.66,0.7
2978,取悅,0.57,0.4
2979,井然有序,0.65,0.31
2980,多才多藝,0.66,0.35
2981,好學,0.65,0.34
2982,安詳,0.56,0.19
2983,追根究底,0.57,0.5
2984,善舉,0.65,0.28
2985,鍾情,0.61,0.39
2986,志氣,0.7,0.47
2987,直截了當,0.56,0.53
2988,中肯,0.62,0.45
2989,盡如人意,0.7,0.49
2990,出眾,0.72,0.47
2991,肥沃,0.64,0.34
2992,好客,0.59,0.45
2993,德高望重,0.78,0.53
2994,富於,0.64,0.44
2995,幹勁,0.62,0.64
2996,清高,0.61,0.22
2997,全神貫注,0.66,0.45
2998,涼快,0.6,0.33
2999,富麗堂皇,0.64,0.4
3000,鍛煉,0.57,0.43
3001,哲人,0.59,0.2
3002,富饒,0.69,0.31
3003,無庸,0.54,0.17
3004,相宜,0.55,0.21
3005,談笑風生,0.57,0.34
3006,快活,0.68,0.53
3007,溫文,0.59,0.14
3008,羨煞,0.6,0.53
3009,心安理得,0.6,0.22
3010,嘟嘟,0.5,0.17
3011,大喜,0.8,0.75
3012,甘美,0.69,0.36
3013,暖意,0.62,0.28
3014,互敬,0.6,0.29
3015,樂不可支,0.8,0.78
3016,恆久,0.64,0.24
3017,脫俗,0.62,0.24
3018,伊甸園,0.66,0.45
3019,甘甜,0.61,0.31
3020,溺愛,0.4,0.33
3021,才氣,0.61,0.29
3022,一見鍾情,0.68,0.65
3023,締造者,0.57,0.24
3024,慈悲為懷,0.65,0.21
3025,合群,0.57,0.28
3026,大無畏,0.64,0.5
3027,含笑,0.57,0.36
3028,聖徒,0.57,0.15
3029,繁盛,0.69,0.43
3030,樂事,0.66,0.47
3031,聰慧,0.71,0.26
3032,安適,0.57,0.21
3033,賢明,0.71,0.24
3034,心曠神怡,0.69,0.35
3035,真確,0.54,0.19
3036,洋房,0.5,0.05
3037,誇獎,0.66,0.53
3038,堂皇,0.65,0.3
3039,明理,0.65,0.26
3040,償清,0.56,0.28
3041,順眼,0.6,0.21
3042,和藹可親,0.65,0.28
3043,奪取,0.17,0.81
3044,困窘,0.28,0.5
3045,紊亂,0.34,0.47
3046,打死,0.1,0.9
3047,驅散,0.35,0.53
3048,碎片,0.36,0.4
3049,廢墟,0.31,0.39
3050,短少,0.33,0.3
3051,橫行,0.31,0.56
3052,粗糙,0.35,0.29
3053,險境,0.22,0.5
3054,圍困,0.3,0.6
3055,威嚇,0.21,0.81
3056,大意,0.39,0.53
3057,沒辦法,0.4,0.43
3058,遲滯,0.31,0.4
3059,擊退,0.56,0.74
3060,謠傳,0.41,0.53
3061,爆破,0.4,0.76
3062,粉碎,0.36,0.69
3063,暴風雨,0.34,0.79
3064,大亂,0.28,0.82
3065,退縮,0.33,0.41
3066,負數,0.46,0.22
3067,出沒,0.47,0.26
3068,過節,0.34,0.5
3069,憤慨,0.22,0.75
3070,誘惑,0.41,0.6
3071,刁難,0.25,0.72
3072,腐蝕,0.31,0.38
3073,疑雲,0.4,0.34
3074,悶熱,0.4,0.28
3075,對不起,0.24,0.53
3076,背離,0.25,0.38
3077,爭辯,0.29,0.74
3078,失常,0.28,0.64
3079,解雇,0.17,0.7
3080,微弱,0.35,0.38
3081,搜捕,0.4,0.66
3082,三八,0.36,0.61
3083,陰雨,0.39,0.17
3084,老是,0.46,0.35
3085,不大,0.49,0.3
3086,火爆,0.26,0.86
3087,兩難,0.33,0.5
3088,滅絕,0.15,0.7
3089,分隔,0.41,0.4
3090,憂心忡忡,0.3,0.62
3091,唯恐,0.33,0.55
3092,隔絕,0.34,0.45
3093,一面倒,0.25,0.6
3094,撞死,0.09,0.85
3095,苦心,0.35,0.47
3096,竊聽,0.34,0.54
3097,困惑,0.4,0.47
3098,潛藏,0.38,0.44
3099,分贓,0.17,0.47
3100,未知數,0.45,0.26
3101,偷偷,0.35,0.39
3102,刻板,0.41,0.29
3103,捏造,0.34,0.6
3104,囂張,0.29,0.74
3105,束手無策,0.34,0.59
3106,躲藏,0.38,0.35
3107,散落,0.38,0.29
3108,烈酒,0.4,0.43
3109,何必,0.43,0.41
3110,咬傷,0.34,0.57
3111,堪慮,0.34,0.59
3112,告誡,0.41,0.59
3113,欺負,0.29,0.69
3114,推諉,0.34,0.55
3115,惡作劇,0.31,0.66
3116,俘虜,0.3,0.35
3117,複雜化,0.38,0.5
3118,想不到,0.4,0.53
3119,造謠,0.3,0.61
3120,潛伏,0.38,0.35
3121,惡質,0.21,0.65
3122,一意孤行,0.3,0.61
3123,霸佔,0.26,0.71
3124,乏人問津,0.33,0.46
3125,辜負,0.33,0.51
3126,退場,0.39,0.43
3127,塞人,0.39,0.47
3128,偏頗,0.34,0.56
3129,怨言,0.3,0.61
3130,計較,0.35,0.64
3131,無名,0.45,0.43
3132,爆炸物,0.38,0.76
3133,暴發,0.36,0.84
3134,置之不理,0.31,0.6
3135,姑息,0.35,0.59
3136,玩弄,0.3,0.68
3137,偽裝,0.39,0.54
3138,沈沒,0.29,0.46
3139,凝重,0.3,0.54
3140,責怪,0.31,0.7
3141,用盡,0.38,0.56
3142,伏擊,0.36,0.74
3143,逆境,0.29,0.45
3144,不義,0.31,0.54
3145,作假,0.3,0.54
3146,敬陪末座,0.31,0.49
3147,走失,0.28,0.62
3148,救命,0.3,0.89
3149,不值,0.33,0.65
3150,恥辱,0.28,0.71
3151,論戰,0.33,0.69
3152,不歡而散,0.26,0.61
3153,低下,0.35,0.38
3154,痙攣,0.41,0.46
3155,無依,0.33,0.28
3156,強加,0.41,0.64
3157,突如其來,0.47,0.56
3158,低姿態,0.43,0.39
3159,誹謗罪,0.29,0.61
3160,頭暈,0.35,0.45
3161,拘留所,0.38,0.43
3162,被俘,0.26,0.55
3163,改頭換面,0.65,0.61
3164,情願,0.65,0.53
3165,有效性,0.6,0.54
3166,留情,0.59,0.41
3167,互助合作,0.76,0.51
3168,刻苦,0.68,0.6
3169,順從,0.62,0.53
3170,當心,0.51,0.56
3171,群情激憤,0.25,0.9
3172,懺悔,0.41,0.66
3173,第一流,0.93,0.78
3174,吃苦,0.4,0.6
3175,至高,0.75,0.7
3176,抒情,0.61,0.29
3177,誘人,0.62,0.64
3178,清澈,0.66,0.45
3179,有禮,0.74,0.55
3180,知覺,0.57,0.45
3181,衝勁,0.72,0.75
3182,窩心,0.75,0.55
3183,戒除,0.66,0.61
3184,聖人,0.8,0.44
3185,學好,0.65,0.38
3186,甘願,0.61,0.43
3187,雄偉,0.65,0.61
3188,韻味,0.69,0.41
3189,雅量,0.78,0.41
3190,誠心誠意,0.79,0.53
3191,談笑,0.74,0.55
3192,芬芳,0.7,0.35
3193,滋養,0.71,0.43
3194,道謝,0.75,0.57
3195,耐勞,0.66,0.57
3196,施捨,0.49,0.49
3197,安眠,0.5,0.21
3198,悅耳,0.7,0.49
3199,安身立命,0.68,0.39
3200,酬謝,0.69,0.61
3201,光滑,0.57,0.34
3202,勇猛,0.75,0.71
3203,安身,0.61,0.36
3204,器重,0.72,0.68
3205,痛快,0.68,0.79
3206,一笑置之,0.68,0.46
3207,賞心悅目,0.72,0.57
3208,情深,0.71,0.71
3209,意氣風發,0.74,0.76
3210,引以為榮,0.78,0.7
3211,無懈可擊,0.86,0.78
3212,氣派,0.71,0.68
3213,幽默感,0.75,0.59
3214,學以致用,0.74,0.5
3215,詩意,0.65,0.31
3216,舒暢,0.79,0.61
3217,會心,0.65,0.47
3218,心甘情願,0.71,0.49
3219,香甜,0.71,0.4
3220,莊重,0.7,0.46
3221,照耀,0.6,0.49
3222,精確度,0.62,0.39
3223,抒解,0.64,0.49
3224,懂事,0.69,0.46
3225,誇耀,0.57,0.7
3226,平心靜氣,0.56,0.34
3227,恭敬,0.65,0.54
3228,寬厚,0.72,0.43
3229,不偏不倚,0.65,0.41
3230,消散,0.59,0.29
3231,洋洋,0.64,0.45
3232,互愛,0.75,0.65
3233,情不自禁,0.66,0.75
3234,纖細,0.6,0.31
3235,勤勉,0.7,0.43
3236,熱熱鬧鬧,0.7,0.7
3237,完滿,0.8,0.62
3238,暢快,0.76,0.75
3239,彬彬有禮,0.79,0.57
3240,聰穎,0.81,0.55
3241,工整,0.71,0.39
3242,開化,0.68,0.45
3243,先見之明,0.7,0.5
3244,興沖沖,0.69,0.71
3245,豐饒,0.74,0.46
3246,知恥,0.66,0.6
3247,奇跡,0.8,0.78
3248,希冀,0.66,0.66
3249,剛毅,0.69,0.62
3250,癡情,0.72,0.66
3251,紅潤,0.66,0.49
3252,望子成龍,0.71,0.64
3253,聖潔,0.76,0.57
3254,溫順,0.76,0.49
3255,愛撫,0.72,0.61
3256,勻稱,0.66,0.47
3257,有說有笑,0.72,0.69
3258,決斷力,0.7,0.51
3259,繁茂,0.72,0.47
3260,渴盼,0.66,0.75
3261,超凡,0.8,0.74
3262,豁然開朗,0.75,0.79
3263,熟慮,0.61,0.51
3264,有意義,0.71,0.54
3265,癡癡,0.64,0.56
3266,謙恭,0.71,0.46
3267,從容不迫,0.71,0.35
3268,苦修,0.53,0.5
3269,牢靠,0.65,0.51
3270,形影不離,0.68,0.62
3271,平心,0.6,0.3
3272,妙計,0.7,0.53
3273,俠義,0.78,0.66
3274,漂漂亮亮,0.75,0.72
3275,討人喜歡,0.8,0.61
3276,擔待,0.68,0.45
3277,豐腴,0.69,0.44
3278,深謀遠慮,0.79,0.65
3279,自得其樂,0.72,0.68
3280,留神,0.61,0.53
3281,雅致,0.65,0.49
3282,醉人,0.64,0.62
3283,飛黃騰達,0.86,0.86
3284,縫補,0.59,0.33
3285,遊街,0.4,0.35
3286,過時,0.38,0.41
3287,收買,0.35,0.46
3288,魔鬼,0.12,0.66
3289,何不,0.49,0.34
3290,夢魘,0.14,0.74
3291,燙傷,0.25,0.51
3292,弊病,0.22,0.55
3293,困難重重,0.14,0.74
3294,失明,0.14,0.56
3295,游擊,0.51,0.4
3296,慘痛,0.09,0.89
3297,慘敗,0.09,0.89
3298,追趕,0.51,0.41
3299,衝出,0.6,0.53
3300,潰瘍,0.29,0.61
3301,破碎,0.24,0.69
3302,謊言,0.22,0.4
3303,裂痕,0.28,0.53
3304,推擠,0.31,0.47
3305,未雨綢繆,0.62,0.5
3306,暴風,0.31,0.65
3307,瓜分,0.39,0.45
3308,煙霧,0.45,0.25
3309,騷亂,0.25,0.62
3310,擦傷,0.34,0.39
3311,殘廢,0.1,0.69
3312,輾轉,0.44,0.25
3313,退學,0.22,0.53
3314,藐視,0.25,0.65
3315,糾纏,0.25,0.55
3316,束縛,0.33,0.46
3317,偷工減料,0.25,0.62
3318,曖昧,0.59,0.5
3319,鬧事,0.24,0.57
3320,辯解,0.33,0.49
3321,梗塞,0.29,0.45
3322,償付,0.44,0.31
3323,凌虐,0.11,0.72
3324,渺茫,0.25,0.35
3325,遜色,0.34,0.38
3326,追訴,0.38,0.35
3327,委屈,0.3,0.45
3328,加害,0.16,0.61
3329,休克,0.17,0.5
3330,獨裁者,0.25,0.62
3331,文盲,0.31,0.38
3332,不許,0.31,0.5
3333,徵稅,0.43,0.26
3334,撕毀,0.29,0.55
3335,退步,0.3,0.39
3336,最低,0.31,0.41
3337,衝動,0.38,0.65
3338,人身攻擊,0.2,0.61
3339,後退,0.38,0.26
3340,抵消,0.47,0.29
3341,虛假,0.25,0.4
3342,竄改,0.25,0.4
3343,冒充,0.26,0.43
3344,挫傷,0.3,0.38
3345,撕裂,0.21,0.57
3346,毒害,0.11,0.6
3347,乞丐,0.22,0.46
3348,一廂情願,0.45,0.39
3349,作祟,0.36,0.34
3350,沈寂,0.35,0.16
3351,殺戮,0.08,0.81
3352,阻隔,0.4,0.31
3353,欺壓,0.21,0.54
3354,軍閥,0.34,0.4
3355,僵持不下,0.3,0.54
3356,搖擺,0.41,0.24
3357,傳染性,0.28,0.31
3358,失手,0.26,0.49
3359,罷了,0.35,0.47
3360,敲詐,0.25,0.51
3361,拉出,0.5,0.24
3362,斥責,0.2,0.66
3363,內鬥,0.21,0.55
3364,未知,0.45,0.15
3365,重擊,0.19,0.62
3366,簡陋,0.35,0.3
3367,槍聲,0.3,0.43
3368,罷課,0.22,0.64
3369,幼稚,0.3,0.36
3370,根絕,0.35,0.47
3371,未加,0.43,0.25
3372,畸形,0.22,0.46
3373,吵架,0.24,0.62
3374,割傷,0.31,0.49
3375,誤認,0.39,0.28
3376,發洩,0.35,0.69
3377,戰敗,0.17,0.69
3378,出乎,0.51,0.28
3379,搖晃,0.45,0.28
3380,失落,0.25,0.29
3381,逃走,0.28,0.55
3382,冀望,0.68,0.45
3383,自立自強,0.65,0.59
3384,敬愛,0.76,0.51
3385,事跡,0.51,0.16
3386,直率,0.69,0.45
3387,芳香,0.68,0.25
3388,健壯,0.74,0.43
3389,無價,0.65,0.47
3390,報答,0.68,0.49
3391,聽話,0.62,0.29
3392,牢固,0.64,0.33
3393,為傲,0.75,0.54
3394,學有專精,0.71,0.47
3395,正道,0.71,0.41
3396,興高采烈,0.91,0.85
3397,天籟,0.81,0.53
3398,稀奇,0.61,0.5
3399,判斷力,0.51,0.28
3400,養活,0.59,0.44
3401,友愛,0.72,0.38
3402,簡樸,0.62,0.26
3403,易懂,0.62,0.28
3404,標緻,0.66,0.29
3405,出人意表,0.68,0.56
3406,厚道,0.62,0.44
3407,不亦樂乎,0.76,0.74
3408,安和樂利,0.79,0.55
3409,一帆風順,0.8,0.55
3410,簡明,0.59,0.25
3411,顯赫,0.65,0.47
3412,茂盛,0.65,0.46
3413,最高,0.78,0.57
3414,嬉戲,0.5,0.49
3415,無敵,0.89,0.72
3416,變好,0.75,0.5
3417,才幹,0.61,0.33
3418,報喜,0.81,0.6
3419,心平氣和,0.59,0.25
3420,精巧,0.57,0.28
3421,潛心,0.55,0.22
3422,純潔,0.69,0.22
3423,留心,0.45,0.33
3424,自由自在,0.72,0.54
3425,心儀,0.72,0.46
3426,同情心,0.56,0.4
3427,平整,0.54,0.22
3428,母愛,0.71,0.33
3429,神童,0.78,0.43
3430,頌揚,0.82,0.59
3431,樂此不疲,0.76,0.76
3432,淳樸,0.62,0.21
3433,會心一笑,0.68,0.46
3434,學成歸國,0.75,0.61
3435,昌盛,0.76,0.57
3436,自信滿滿,0.86,0.74
3437,豐滿,0.72,0.47
3438,端莊,0.62,0.29
3439,心想事成,0.84,0.61
3440,文雅,0.62,0.28
3441,自告奮勇,0.7,0.74
3442,報恩,0.66,0.45
3443,無瑕,0.6,0.29
3444,老練,0.55,0.36
3445,興致勃勃,0.82,0.79
3446,高高興興,0.85,0.78
3447,堅韌,0.64,0.43
3448,臉紅,0.57,0.53
3449,煥發,0.61,0.43
3450,醉心,0.6,0.49
3451,叮囑,0.54,0.4
3452,慇勤,0.66,0.57
3453,達觀,0.56,0.34
3454,多產,0.57,0.25
3455,虔敬,0.69,0.33
3456,守信,0.7,0.31
3457,喜感,0.78,0.53
3458,有效率,0.75,0.43
3459,率真,0.66,0.41
3460,自勉,0.65,0.5
3461,微微,0.5,0.12
3462,安好,0.65,0.33
3463,明晰,0.59,0.25
3464,雄辯,0.55,0.66
3465,恆心,0.69,0.44
3466,奮進,0.8,0.72
3467,輕輕鬆鬆,0.7,0.49
3468,謙遜,0.68,0.31
3469,安於,0.54,0.24
3470,心滿意足,0.79,0.56
3471,活著,0.59,0.47
3472,愜意,0.7,0.36
3473,溫文儒雅,0.66,0.26
3474,傳奇性,0.66,0.43
3475,忘不了,0.56,0.36
3476,可親,0.61,0.36
3477,長進,0.65,0.46
3478,恩人,0.72,0.31
3479,覺察,0.51,0.36
3480,情投意合,0.74,0.53
3481,賢人,0.69,0.21
3482,俘獲,0.51,0.4
3483,你儂我儂,0.72,0.65
3484,引吭高歌,0.68,0.74
3485,目眩,0.41,0.4
3486,入神,0.56,0.25
3487,心心相印,0.71,0.44
3488,稱心,0.62,0.3
3489,肝膽相照,0.69,0.65
3490,甜甜蜜蜜,0.76,0.71
3491,賢淑,0.7,0.25
3492,言歸於好,0.65,0.38
3493,貞潔,0.65,0.21
3494,廢寢忘食,0.49,0.55
3495,獨創性,0.59,0.41
3496,稀罕,0.55,0.43
3497,意味深長,0.59,0.44
3498,施恩,0.65,0.34
3499,癡狂,0.59,0.84
3500,虔信,0.65,0.45
3501,入迷,0.64,0.55
3502,有權,0.6,0.47
3503,物廉價美,0.75,0.49
3504,悠哉,0.68,0.29
3505,練成,0.59,0.3
3506,盛年,0.62,0.35
3507,安安靜靜,0.57,0.15
3508,騰躍,0.75,0.75
3509,滿面春風,0.82,0.76
3510,儒雅,0.61,0.22
3511,安睡,0.57,0.15
3512,愛憐,0.65,0.33
3513,癡心,0.6,0.64
3514,神氣活現,0.84,0.75
3515,賢慧,0.72,0.29
3516,勳績,0.76,0.47
3517,出神,0.69,0.47
3518,適得其所,0.66,0.41
3519,一吐為快,0.59,0.68
3520,日久生情,0.69,0.55
3521,古雅,0.62,0.25
3522,足智多謀,0.84,0.53
3523,順當,0.59,0.28
3524,謙恭有禮,0.7,0.36
3525,心花怒放,0.78,0.78
3526,切題,0.54,0.26
3527,嘻嘻哈哈,0.57,0.64
3528,抒懷,0.59,0.25
3529,自滿,0.44,0.59
3530,惡行,0.2,0.6
3531,奴隸,0.28,0.4
3532,孤獨,0.34,0.24
3533,雜草,0.46,0.16
3534,惶恐,0.29,0.72
3535,抹煞,0.35,0.61
3536,一往情深,0.71,0.7
3537,戰無不勝,0.86,0.81
3538,惠顧,0.57,0.41
3539,豪勇,0.7,0.6
3540,愛人如己,0.74,0.6
3541,坦直,0.65,0.4
3542,嬌美,0.71,0.35
3543,鑒別力,0.55,0.35
3544,心誠則靈,0.66,0.43
3545,妙不可言,0.74,0.57
3546,諧調,0.59,0.33
3547,精神百倍,0.81,0.8
3548,奢侈,0.3,0.56
3549,崩塌,0.24,0.75
3550,得不償失,0.17,0.79
3551,悽慘,0.09,0.64
3552,排山倒海,0.34,0.65
3553,一舉數得,0.8,0.66
3554,不相上下,0.65,0.6
3555,不礙事,0.49,0.44
3556,有過之而無不及,0.43,0.56
3557,夠格,0.8,0.72
3558,粗製濫造,0.28,0.59
3559,累贅,0.21,0.68
3560,聊勝於無,0.53,0.45
3561,莫名其妙,0.24,0.68
3562,陰霾,0.21,0.59
3563,得分,0.84,0.86
3564,從善如流,0.7,0.62
3565,深入淺出,0.74,0.54
3566,深厚,0.6,0.45
3567,清脆,0.54,0.39
3568,提心吊膽,0.24,0.88
3569,斑駁,0.38,0.38
3570,殘破,0.24,0.45
3571,殘缺,0.22,0.38
3572,渾濁,0.28,0.46
3573,盛大,0.81,0.72
3574,脫胎換骨,0.9,0.72
3575,處變不驚,0.61,0.55
3576,通風,0.55,0.36
3577,單純,0.68,0.33
3578,發病,0.24,0.78
3579,病發,0.24,0.78
3580,硬化,0.21,0.62
3581,稍嫌弱,0.3,0.45
3582,超弱,0.15,0.65
3583,華而不實,0.24,0.66
3584,循序漸進,0.72,0.49
3585,掌聲如雷,0.88,0.85
3586,游刃有餘,0.82,0.5
3587,無往不利,0.75,0.69
3588,絢爛奪目,0.78,0.76
3589,發瘋,0.28,0.76
3590,絞痛,0.26,0.91
3591,跑不動,0.38,0.59
3592,進退兩難,0.39,0.65
3593,亂七八糟,0.26,0.72
3594,超人,0.8,0.82
3595,週到,0.82,0.57
3596,進化,0.68,0.55
3597,開趴,0.74,0.86
3598,順耳,0.61,0.5
3599,微乎其微,0.41,0.36
3600,愚昧,0.24,0.65
3601,慌張,0.2,0.8
3602,摃龜,0.2,0.62
3603,暈倒,0.28,0.57
3604,勤快,0.75,0.54
3605,搞笑,0.69,0.62
3606,新穎,0.7,0.61
3607,源源不絕,0.69,0.6
3608,準時,0.71,0.43
3609,肆無忌憚,0.28,0.65
3610,腫起來,0.29,0.71
3611,腰酸背痛,0.25,0.74
3612,落單,0.25,0.5
3613,詭異,0.21,0.64
3614,欲振乏力,0.25,0.35
3615,猙獰,0.12,0.64
3616,猝死,0.0,0.88
3617,粗淺,0.33,0.28
3618,累人,0.31,0.5
3619,一覽無遺,0.62,0.47
3620,不遑多讓,0.65,0.38
3621,專心,0.75,0.3
3622,專注,0.76,0.33
3623,強有力,0.79,0.78
3624,強而有力,0.79,0.78
3625,粗線條,0.39,0.4
3626,勞民傷財,0.21,0.56
3627,單調,0.38,0.28
3628,惡名昭彰,0.02,0.7
3629,惱人,0.19,0.53
3630,得心應手,0.79,0.49
3631,深植人心,0.69,0.55
3632,清爽,0.74,0.49
3633,清清爽爽,0.74,0.49
3634,理所當然,0.62,0.49
3635,痊癒,0.78,0.49
3636,無以復加,0.35,0.64
3637,痛心疾首,0.14,0.88
3638,痠,0.38,0.5
3639,痠軟,0.3,0.45
3640,痠痛,0.2,0.64
3641,酸痛,0.2,0.64
3642,痠痠痛痛,0.2,0.64
3643,酸酸痛痛,0.2,0.64
3644,盛開,0.72,0.54
3645,得寵,0.84,0.72
3646,淺顯易懂,0.69,0.46
3647,脫穎而出,0.79,0.7
3648,復原,0.74,0.53
3649,發麻,0.34,0.45
3650,硬著頭皮,0.26,0.53
3651,詞不達意,0.26,0.46
3652,令人費解,0.33,0.41
3653,超兇,0.19,0.86
3654,無與倫比,0.85,0.79
3655,犀利,0.78,0.65
3656,硬挺,0.78,0.54
3657,童叟無欺,0.75,0.38
3658,絕佳,0.9,0.65
3659,超重,0.28,0.5
3660,亂掉,0.26,0.4
3661,傷痕累累,0.16,0.38
3662,傻眼,0.39,0.45
3663,塞車,0.29,0.43
3664,開懷,0.69,0.76
3665,順暢,0.8,0.65
3666,黃袍加身,0.82,0.8
3667,黑白分明,0.62,0.4
3668,傲人,0.75,0.68
3669,慌亂,0.26,0.66
3670,矮人一截,0.26,0.35
3671,碎裂,0.26,0.51
3672,稚嫩,0.5,0.25
3673,綁手綁腳,0.35,0.45
3674,勤勞,0.72,0.38
3675,煥然一新,0.8,0.62
3676,腳踏實地,0.68,0.43
3677,萬幸,0.75,0.6
3678,解渴,0.7,0.6
3679,腫痛,0.24,0.64
3680,載浮載沉,0.3,0.38
3681,載沉載浮,0.3,0.38
3682,過冷,0.24,0.46
3683,違和,0.35,0.4
3684,鼓噪,0.33,0.7
3685,單薄,0.28,0.26
3686,惡狠,0.11,0.62
3687,無言,0.28,0.4
3688,發霉,0.17,0.43
3689,超時,0.26,0.56
3690,清醒,0.65,0.34
3691,爽玩,0.82,0.74
3692,盛裝,0.76,0.49
3693,無所不包,0.72,0.49
3694,萬眾矚目,0.96,0.82
3695,過載,0.24,0.6
3696,墊底,0.11,0.47
3697,寥寥無幾,0.22,0.41
3698,屢見不鮮,0.36,0.25
3699,彆扭,0.28,0.5
3700,萬無一失,0.88,0.3
3701,遊刃有餘,0.84,0.25
3702,道地,0.7,0.21
3703,道道地地,0.7,0.21
3704,飽和,0.55,0.28
3705,鼎鼎大名,0.85,0.72
3706,漏氣,0.29,0.61
3707,慘不忍睹,0.1,0.7
3708,遙遙無期,0.21,0.38
3709,遜,0.15,0.69
3710,酷寒,0.31,0.41
3711,有助於,0.69,0.28
3712,念念不忘,0.65,0.46
3713,壽終正寢,0.19,0.36
3714,實事求是,0.62,0.29
3715,旗鼓相當,0.79,0.5
3716,酸澀,0.28,0.49
3717,頗重,0.41,0.5
3718,鼻塞,0.28,0.22
3719,嘩然,0.26,0.72
3720,嘴硬,0.25,0.61
3721,稱霸,0.79,0.84
3722,精闢,0.75,0.54
3723,綽綽有餘,0.78,0.25
3724,貌美,0.8,0.41
3725,赫赫有名,0.84,0.68
3726,標新立異,0.66,0.57
3727,潦草,0.28,0.33
3728,潮溼,0.31,0.33
3729,潮濕,0.31,0.33
3730,熱死,0.14,0.68
3731,皺巴巴,0.19,0.39
3732,酷炫,0.72,0.54
3733,頗多,0.65,0.3
3734,賣力,0.66,0.71
3735,銳減,0.31,0.45
3736,駝背,0.26,0.19
3737,魯莽,0.21,0.57
3738,壅塞,0.2,0.55
3739,糗爆,0.12,0.72
3740,銳利,0.69,0.49
3741,憨厚,0.57,0.29
3742,整齊劃一,0.65,0.21
3743,曇花一現,0.39,0.51
3744,樸實,0.61,0.15
3745,龜裂,0.36,0.36
3746,嚇人,0.16,0.7
3747,縮水,0.29,0.49
3748,醜陋,0.12,0.61
3749,斷線,0.16,0.55
3750,無緣,0.3,0.26
3751,發癢,0.33,0.49
3752,超現實,0.41,0.65
3753,腫脹,0.36,0.51
3754,過氣,0.25,0.38
3755,清新,0.7,0.36
3756,無傷大雅,0.51,0.15
3757,貼切,0.61,0.33
3758,超強,0.88,0.88
3759,勤儉,0.72,0.24
3760,慘兮兮,0.17,0.62
3761,慚愧,0.19,0.51
3762,慵懶,0.4,0.2
3763,漏水,0.26,0.4
3764,漫長,0.34,0.25
3765,飽滿,0.65,0.29
3766,嘆為觀止,0.81,0.85
3767,嘔心瀝血,0.8,0.64
3768,圖文並茂,0.82,0.61
3769,有利於,0.84,0.51
3770,熄火,0.3,0.47
3771,聞之色變,0.25,0.7
3772,蒼老,0.24,0.29
3773,說不過去,0.25,0.51
3774,遙不可及,0.34,0.45
3775,實實在在,0.75,0.26
3776,暢銷,0.85,0.65
3777,滴水不漏,0.78,0.41
3778,稱職,0.88,0.35
3779,精采,0.94,0.76
3780,層出不窮,0.43,0.64
3781,憔悴,0.21,0.36
3782,撐不住,0.2,0.59
3783,撲朔迷離,0.38,0.25
3784,暫緩,0.41,0.22
3785,輕而易舉,0.72,0.47
3786,魂牽夢縈,0.6,0.41
3787,緊鑼密鼓,0.59,0.65
3788,與眾不同,0.72,0.61
3789,遠大,0.72,0.59
3790,瘙癢,0.38,0.59
3791,皺掉,0.33,0.43
3792,膚淺,0.21,0.38
3793,賠錢,0.17,0.6
3794,醉倒,0.14,0.62
3795,頗負盛名,0.79,0.74
3796,厲害,0.79,0.79
3797,寬敞,0.76,0.38
3798,憂喜參半,0.47,0.56
3799,數一數二,0.76,0.76
3800,遺漏,0.33,0.31
3801,險峻,0.3,0.55
3802,頭暈目眩,0.29,0.49
3803,頹廢,0.2,0.22
3804,駭人聽聞,0.16,0.72
3805,歷久不衰,0.78,0.45
3806,激挺,0.69,0.79
3807,縝密,0.69,0.35
3808,親民,0.74,0.31
3809,醒目,0.66,0.7
3810,嚇歪,0.24,0.8
3811,斷斷續續,0.34,0.35
3812,翻車,0.15,0.81
3813,藏污納垢,0.11,0.62
3814,雜七雜八,0.21,0.53
3815,無解,0.2,0.46
3816,超速,0.28,0.81
3817,過熟,0.43,0.5
3818,雞婆,0.25,0.65
3819,離奇,0.49,0.74
3820,無所遁形,0.6,0.33
3821,超群,0.81,0.66
3822,精純,0.86,0.36
3823,隨心所欲,0.69,0.29
3824,險勝,0.68,0.89
3825,壞掉,0.2,0.53
3826,爛掉,0.14,0.62
3827,礙手礙腳,0.12,0.53
3828,繪聲繪影,0.43,0.44
3829,難受,0.12,0.79
3830,優異,0.95,0.69
3831,趨之若騖,0.56,0.59
3832,鮮艷,0.78,0.41
3833,癒合,0.79,0.35
3834,簡便,0.78,0.28
3835,囉唆,0.28,0.72
3836,囉嗦,0.28,0.72
3837,囉囉唆唆,0.28,0.72
3838,囉囉嗦嗦,0.28,0.72
3839,彎腰駝背,0.28,0.2
3840,籠統,0.36,0.12
3841,髒兮兮,0.14,0.33
3842,髒汙,0.16,0.36
3843,穩紮穩打,0.84,0.2
3844,豐盈,0.72,0.35
3845,顧家,0.85,0.33
3846,鶴立雞群,0.9,0.65
3847,驚天動地,0.66,0.98
3848,變差,0.24,0.54
3849,變糟,0.15,0.57
3850,體無完膚,0.12,0.7
3851,枉費,0.25,0.66
3852,風靡,0.64,0.72
3853,兼備,0.71,0.33
3854,精簡,0.76,0.4
3855,緩解,0.69,0.25
3856,紓解,0.79,0.31
3857,盲從,0.26,0.54
3858,流失,0.28,0.47
3859,耐不住,0.33,0.78
3860,倚賴,0.4,0.39
3861,容納不下,0.22,0.38
3862,獨得,0.75,0.64
3863,擴增,0.71,0.51
3864,蟬聯,0.85,0.76
3865,跟不上,0.24,0.47
3866,鄙視,0.09,0.45
3867,歷盡滄桑,0.38,0.6
3868,激化,0.62,0.88
3869,迷上,0.51,0.75
3870,豐沛,0.78,0.35
3871,乾爽,0.68,0.16
3872,美觀,0.84,0.28
3873,變塌,0.25,0.4
3874,變濁,0.21,0.4
3875,看不慣,0.21,0.55
3876,看不過去,0.21,0.55
3877,納悶,0.36,0.4
3878,無能為力,0.12,0.3
3879,超悶,0.14,0.49
3880,過頭,0.22,0.6
3881,離譜,0.11,0.68
3882,鬆垮,0.2,0.54
3883,超越,0.69,0.71
3884,精準,0.81,0.64
3885,頗佳,0.76,0.65
3886,優越,0.84,0.64
3887,應有盡有,0.74,0.64
3888,難聽,0.21,0.61
3889,顛簸,0.33,0.59
3890,繁雜,0.34,0.53
3891,龐雜,0.33,0.5
3892,嚴苛,0.28,0.6
3893,簡約,0.64,0.35
3894,豐收,0.78,0.71
3895,穩當,0.79,0.45
3896,難能可貴,0.8,0.75
3897,瀟灑,0.76,0.62
3898,曬傷,0.28,0.68
3899,纖弱,0.36,0.35
3900,變心,0.16,0.75
3901,變態,0.09,0.88
3902,驟變,0.26,0.75
3903,驚艷,0.71,0.82
3904,驚豔,0.71,0.82
3905,不可小覷,0.71,0.65
3906,不亞於,0.64,0.46
3907,充盈,0.66,0.55
3908,包容,0.71,0.38
3909,出言不遜,0.26,0.84
3910,白費,0.22,0.56
3911,吃不消,0.26,0.59
3912,自恃,0.35,0.55
3913,冷落,0.24,0.41
3914,專精,0.82,0.51
3915,崇尚,0.75,0.62
3916,眷戀,0.69,0.54
3917,喜獲,0.79,0.84
3918,榮獲,0.81,0.82
3919,耗盡,0.34,0.59
3920,臭死,0.08,0.76
3921,記錯,0.26,0.45
3922,混雜,0.26,0.43
3923,滋生,0.26,0.35
3924,獨具慧眼,0.74,0.53
3925,愛戴,0.76,0.57
3926,聽得懂,0.68,0.41
3927,超難,0.24,0.68
3928,離題,0.24,0.54
3929,變臭,0.14,0.71
3930,變扁,0.29,0.44
3931,無法自拔,0.36,0.69
3932,奢求,0.39,0.68
3933,猜不透,0.29,0.34
3934,痛感,0.22,0.68
3935,無神,0.36,0.17
3936,漏電,0.34,0.64
3937,離異,0.24,0.51
3938,曠日廢時,0.2,0.33
3939,精進,0.75,0.65
3940,療癒,0.76,0.45
3941,繁華,0.84,0.62
3942,臨危不亂,0.81,0.38
3943,舉足輕重,0.65,0.59
3944,難懂,0.3,0.38
3945,騷包,0.33,0.53
3946,鐵齒,0.29,0.46
3947,霸道,0.25,0.79
3948,黯然失色,0.24,0.4
3949,優渥,0.86,0.5
3950,豐盛,0.84,0.51
3951,穩如泰山,0.79,0.29
3952,繽紛,0.85,0.6
3953,釋懷,0.72,0.29
3954,變老,0.41,0.28
3955,變嫩,0.66,0.36
3956,鬱悶,0.2,0.36
3957,不及,0.15,0.45
3958,比不上,0.15,0.45
3959,心疼,0.22,0.66
3960,驚為天人,0.91,0.94
3961,回味,0.68,0.45
3962,佩服,0.82,0.68
3963,保佑,0.72,0.5
3964,看重,0.69,0.69
3965,改變不了,0.33,0.33
3966,屈就,0.26,0.4
3967,抵不過,0.33,0.35
3968,拘泥,0.3,0.35
3969,放不下,0.26,0.54
3970,萌,0.76,0.57
3971,愛惜,0.62,0.47
3972,跟得上,0.66,0.47
3973,獨享,0.65,0.65
3974,震撼,0.54,0.82
3975,耗損,0.38,0.53
3976,損耗,0.38,0.53
3977,傷透,0.2,0.82
3978,嫌棄,0.17,0.64
3979,愧對,0.25,0.55
3980,損及,0.25,0.38
3981,贏過,0.79,0.65
3982,歡度,0.81,0.7
3983,乾脆,0.64,0.6
3984,變鈍,0.31,0.25
3985,不堪,0.24,0.5
3986,分不清楚,0.35,0.35
3987,遺忘,0.29,0.33
3988,昏暗,0.34,0.26
3989,美中不足,0.28,0.46
3990,一氣呵成,0.8,0.82
3991,大名鼎鼎,0.85,0.79
3992,不雅,0.28,0.43
3993,天下無敵,0.98,0.89
3994,水腫,0.25,0.4
3995,出血,0.17,0.72
3996,平分秋色,0.55,0.38
3997,合情合理,0.57,0.35
3998,生鏽,0.3,0.22
3999,失竊,0.08,0.68
4000,三生有幸,0.68,0.72
4001,中風,0.05,0.75
4002,心急,0.25,0.88
4003,出線,0.6,0.57
4004,死心眼,0.22,0.28
4005,沒效,0.4,0.43
4006,無效果,0.4,0.43
4007,沒效果,0.4,0.43
4008,秀麗,0.78,0.43
4009,行得通,0.72,0.62
4010,歪七扭八,0.34,0.25
4011,陣亡,0.08,0.1
4012,飢渴,0.21,0.3
4013,乾巴巴,0.2,0.12
4014,乾枯,0.22,0.12
4015,高超,0.82,0.82
4016,乾淨,0.79,0.66
4017,乾乾淨淨,0.79,0.66
4018,閃亮,0.82,0.8
4019,閃閃亮亮,0.82,0.8
4020,閃閃發光,0.82,0.8
4021,閃閃發亮,0.82,0.8
4022,閃耀,0.82,0.8
4023,退稅,0.61,0.65
4024,一應俱全,0.81,0.28
4025,不謀而合,0.72,0.43
4026,好命,0.8,0.29
4027,大驚失色,0.21,0.88
4028,不知所云,0.15,0.33
4029,手忙腳亂,0.14,0.82
4030,好看,0.78,0.34
4031,有著落,0.7,0.25
4032,百發百中,0.82,0.76
4033,多此一舉,0.28,0.26
4034,出糗,0.16,0.6
4035,吃不開,0.25,0.33
4036,旺盛,0.76,0.17
4037,明快,0.75,0.17
4038,易如反掌,0.88,0.22
4039,走投無路,0.02,0.71
4040,刺鼻,0.16,0.69
4041,受創,0.16,0.74
4042,表裡如一,0.7,0.17
4043,迎刃而解,0.82,0.28
4044,浮腫,0.21,0.19
4045,衰落,0.16,0.26
4046,討人厭,0.05,0.81
4047,起疑,0.36,0.28
4048,迷茫,0.3,0.21
4049,相見恨晚,0.66,0.69
4050,風平浪靜,0.62,0.05
4051,柔中帶勁,0.66,0.14
4052,海派,0.78,0.47
4053,純熟,0.71,0.15
4054,一清二楚,0.76,0.26
4055,大勝,1.0,0.99
4056,叫座,0.94,0.82
4057,口說無憑,0.25,0.43
4058,大費周章,0.35,0.5
4059,天公不作美,0.17,0.26
4060,平淡,0.47,0.14
4061,平淡無奇,0.47,0.14
4062,名不虛傳,0.81,0.56
4063,支離破碎,0.08,0.72
4064,出錯,0.19,0.53
4065,失禮,0.17,0.53
4066,受益,0.78,0.38
4067,始終如一,0.71,0.35
4068,尚可,0.62,0.51
4069,普普,0.51,0.28
4070,普通,0.51,0.28
4071,普普通通,0.51,0.28
4072,馬馬虎虎,0.51,0.28
4073,所費不貲,0.24,0.39
4074,披頭散髮,0.33,0.4
4075,抽筋,0.38,0.65
4076,知名,0.74,0.39
4077,空閒,0.53,0.05
4078,浮誇,0.38,0.7
4079,氣爆,0.16,0.95
4080,狼狽,0.14,0.59
4081,狼狽不堪,0.14,0.59
4082,病態,0.2,0.46
4083,破舊,0.3,0.35
4084,特強,0.9,0.8
4085,神奇,0.65,0.7
4086,純正,0.7,0.3
4087,風雅,0.8,0.29
4088,挺住,0.66,0.47
4089,一勞永逸,0.78,0.45
4090,大開眼界,0.85,0.81
4091,多汁,0.65,0.59
4092,大錯特錯,0.16,0.75
4093,不夠看,0.43,0.46
4094,心驚膽跳,0.21,0.91
4095,心驚膽戰,0.21,0.91
4096,心驚膽顫,0.21,0.91
4097,名列前茅,0.8,0.72
4098,好心,0.82,0.26
4099,如願以償,0.79,0.6
4100,多慮,0.45,0.56
4101,有恃無恐,0.43,0.41
4102,水火不容,0.2,0.86
4103,忠心耿耿,0.84,0.41
4104,怡然自得,0.78,0.22
4105,性感,0.64,0.44
4106,委靡,0.16,0.43
4107,孤零零,0.19,0.35
4108,居心叵測,0.17,0.57
4109,爭氣,0.79,0.62
4110,直挺挺,0.68,0.43
4111,凍僵,0.4,0.51
4112,弱不禁風,0.25,0.2
4113,捉摸不定,0.28,0.36
4114,氣炸,0.08,0.98
4115,風流,0.19,0.39
4116,相見歡,0.84,0.8
4117,挺拔,0.78,0.38
4118,特殊,0.69,0.3
4119,神清氣爽,0.84,0.61
4120,笑容可掬,0.93,0.72
4121,一掃而空,0.72,0.8
4122,大好,0.94,0.84
4123,內斂,0.66,0.28
4124,口乾舌燥,0.24,0.4
4125,大起大落,0.3,0.85
4126,不慎,0.26,0.57
4127,千變萬化,0.61,0.68
4128,天真爛漫,0.7,0.5
4129,中規中矩,0.53,0.33
4130,血流如注,0.1,0.91
4131,秀逗,0.17,0.43
4132,手拙,0.24,0.25
4133,有意思,0.7,0.54
4134,事事如意,0.86,0.54
4135,受用,0.82,0.55
4136,拖泥帶水,0.21,0.4
4137,於事無補,0.09,0.3
4138,事倍功半,0.3,0.51
4139,服貼,0.74,0.47
4140,服服貼貼,0.74,0.47
4141,果決,0.88,0.79
4142,風騷,0.36,0.86
4143,苦澀,0.26,0.33
4144,凍傷,0.14,0.51
4145,剝落,0.15,0.54
4146,差強人意,0.31,0.3
4147,茂密,0.62,0.46
4148,負責任,0.84,0.56
4149,重生,0.96,0.84
4150,香噴噴,0.78,0.76
4151,剛直,0.74,0.55
4152,天花亂墜,0.28,0.56
4153,吃重,0.44,0.34
4154,自戀,0.41,0.45
4155,走火入魔,0.2,0.8
4156,受損,0.2,0.38
4157,平順,0.68,0.14
4158,有解,0.71,0.45
4159,老少咸宜,0.72,0.25
4160,返璞歸真,0.79,0.12
4161,長壽,0.8,0.24
4162,一無是處,0.11,0.75
4163,不像話,0.17,0.6
4164,南轅北轍,0.31,0.54
4165,天差地遠,0.31,0.54
4166,叛逆,0.28,0.61
4167,幽暗,0.29,0.28
4168,恍然大悟,0.76,0.74
4169,恬淡,0.78,0.1
4170,持之以恆,0.79,0.11
4171,指日可待,0.71,0.3
4172,春暖花開,0.76,0.25
4173,後悔莫及,0.17,0.79
4174,枯燥,0.26,0.22
4175,看錯,0.36,0.25
4176,突兀,0.39,0.46
4177,紅腫,0.44,0.29
4178,洋洋得意,0.68,0.74
4179,活靈活現,0.76,0.75
4180,皆大歡喜,0.95,0.89
4181,皇天不負苦心人,0.94,0.9
4182,相安無事,0.69,0.16
4183,一枝獨秀,0.84,0.72
4184,一觸即發,0.21,0.85
4185,大吉,0.99,0.78
4186,小題大做,0.19,0.72
4187,毛燥,0.21,0.85
4188,毛躁,0.21,0.85
4189,凹陷,0.4,0.45
4190,平易近人,0.51,0.34
4191,生龍活虎,0.8,0.88
4192,成癮,0.12,0.69
4193,有出入,0.39,0.54
4194,不勝枚舉,0.66,0.62
4195,平實,0.53,0.31
4196,下垂,0.3,0.51
4197,大剌剌,0.41,0.5
4198,天衣無縫,0.85,0.75
4199,牛刀小試,0.76,0.66
4200,吃力,0.26,0.65
4201,失準,0.24,0.72
4202,行雲流水,0.8,0.55
4203,沈穩,0.66,0.45
4204,沉穩,0.66,0.45
4205,乾澀,0.36,0.43
4206,乾乾澀澀,0.36,0.43
4207,停電,0.35,0.8
4208,偷懶,0.21,0.44
4209,高不可攀,0.24,0.69
4210,堆積如山,0.29,0.57
4211,風情萬種,0.81,0.76
4212,特立獨行,0.65,0.6
4213,純樸,0.54,0.43
4214,起勁,0.75,0.84
4215,堂堂正正,0.78,0.49
4216,上榜 ,0.82,0.84
4217,大手筆 ,0.64,0.76
4218,賣座 ,0.86,0.79
4219,好握 ,0.72,0.44
4220,失真 ,0.31,0.28
4221,不失真 ,0.68,0.33
4222,中看 ,0.72,0.4
4223,不起眼 ,0.31,0.21
4224,略勝一籌 ,0.66,0.59
4225,略遜 ,0.35,0.44
4226,負擔得起 ,0.59,0.35
4227,買不起 ,0.36,0.46
4228,充斥 ,0.45,0.33
4229,老氣 ,0.38,0.38
4230,不錯 ,0.66,0.43
4231,中用 ,0.7,0.44
4232,有口皆碑 ,0.84,0.75
4233,中意 ,0.81,0.68
4234,為人詬病 ,0.3,0.46
4235,破損 ,0.29,0.28
4236,缺損 ,0.29,0.28
4237,退色 ,0.31,0.25
4238,褪色 ,0.31,0.25
4239,好用 ,0.72,0.56
4240,拔得頭籌 ,0.85,0.79
4241,物美價廉 ,0.84,0.62
4242,物超所值 ,0.93,0.78
4243,超值 ,0.9,0.76
4244,划算 ,0.79,0.71
4245,特惠 ,0.81,0.74
4246,買一送一 ,0.72,0.64
4247,貴 ,0.26,0.54
4248,笨重 ,0.21,0.39
4249,大吃一驚 ,0.47,0.86
4250,封后 ,0.8,0.85
4251,流線 ,0.61,0.29
4252,炫爆 ,0.78,0.82
4253,相符 ,0.57,0.3
4254,合身 ,0.61,0.33
4255,當機 ,0.31,0.38
4256,過重 ,0.25,0.35
4257,首屈一指 ,0.95,0.74
4258,值回票價 ,0.9,0.74
4259,不閃頻 ,0.68,0.4
4260,爽口 ,0.74,0.5
4261,走味 ,0.26,0.39
4262,貪小便宜 ,0.25,0.33
4263,耐操 ,0.61,0.41
4264,美呆 ,0.84,0.81
4265,接地氣 ,0.64,0.45
4266,淋漓盡致 ,0.82,0.64
4267,貨真價實 ,0.85,0.57
4268,廉價 ,0.38,0.29
4269,頂尖 ,0.95,0.69
4270,勝出 ,0.8,0.64
4271,超酷 ,0.8,0.75
4272,搶手 ,0.89,0.72
4273,新潮 ,0.69,0.53
4274,耗電 ,0.31,0.35
4275,費電 ,0.31,0.35
4276,耗時 ,0.31,0.35
4277,費時 ,0.31,0.35
4278,過短 ,0.26,0.38
4279,實惠 ,0.75,0.46
4280,精打細算 ,0.76,0.39
4281,前所未有 ,0.68,0.71
4282,前所未見 ,0.68,0.71
4283,輕薄短小 ,0.71,0.38
4284,寬裕 ,0.79,0.39
4285,一目了然,0.74,0.22
4286,一目瞭然,0.74,0.22
4287,七零八落,0.22,0.33
4288,十全十美,0.93,0.74
4289,上鏡頭,0.71,0.55
4290,大功告成,0.88,0.75
4291,大失所望,0.12,0.78
4292,小心翼翼,0.59,0.61
4293,小康,0.59,0.38
4294,不合,0.25,0.71
4295,不妙,0.28,0.72
4296,中上,0.72,0.5
4297,中獎,0.94,0.99
4298,井井有條,0.75,0.4
4299,六神無主,0.3,0.17
4300,凶狠,0.15,0.9
4301,凶惡,0.17,0.88
4302,分岔,0.43,0.36
4303,弔詭,0.29,0.38
4304,心不甘情不願,0.24,0.61
4305,手癢,0.4,0.7
4306,扎實,0.85,0.29
4307,火大,0.15,0.96
4308,火紅,0.8,0.81
4309,令人髮指,0.11,0.9
4310,凹凸不平,0.39,0.55
4311,出頭,0.62,0.66
4312,功不可沒,0.86,0.45
4313,包羅萬象,0.8,0.4
4314,半途而廢,0.29,0.29
4315,叫好,0.8,0.82
4316,可圈可點,0.86,0.62
4317,四平八穩,0.62,0.22
4318,外強中乾,0.28,0.44
4319,失火,0.15,0.94
4320,失靈,0.29,0.79
4321,平凡,0.47,0.15
4322,平凡無奇,0.47,0.15
4323,正點,0.75,0.72
4324,甘醇,0.71,0.4
4325,生硬,0.38,0.33
4326,用心,0.8,0.44
4327,白搭,0.31,0.35
4328,丟失,0.25,0.57
4329,兇狠,0.15,0.9
4330,兇惡,0.17,0.88
4331,先聲奪人,0.45,0.57
4332,光明正大,0.75,0.5
4333,全力以赴,0.84,0.74
4334,划不來,0.36,0.24
4335,吃香,0.71,0.53
4336,各有千秋,0.68,0.44
4337,合用,0.59,0.38
4338,名副其實,0.72,0.5
4339,名符其實,0.72,0.5
4340,回天乏術,0.08,0.7
4341,多不勝數,0.65,0.5
4342,好聽,0.79,0.72
4343,如火如荼,0.61,0.79
4344,尖嘴猴腮,0.17,0.31
4345,屹立不搖,0.84,0.31
4346,年久失修,0.3,0.24
4347,忙碌,0.54,0.78
4348,成名,0.8,0.74
4349,收斂,0.49,0.25
4350,有一手,0.65,0.47
4351,死板,0.31,0.33
4352,死板板,0.31,0.33
4353,汗流浹背,0.46,0.69
4354,汙濁,0.28,0.33
4355,灰濛濛,0.34,0.26
4356,百思不得其解,0.26,0.5
4357,老舊,0.35,0.28
4358,耳目一新,0.71,0.66
4359,自給自足,0.8,0.41
4360,血淋淋,0.17,0.82
4361,行不通,0.29,0.39
4362,吵雜,0.31,0.82
4363,呆滯,0.3,0.1
4364,告一段落,0.6,0.36
4365,困惱,0.22,0.65
4366,坑坑洞洞,0.34,0.56
4367,完封,0.9,0.81
4368,技壓群雄,0.93,0.89
4369,抓狂,0.12,0.96
4370,更勝一籌,0.79,0.68
4371,沈悶,0.29,0.15
4372,沉悶,0.29,0.15
4373,沒骨氣,0.24,0.33
4374,沙啞,0.44,0.33
4375,灼熱,0.34,0.82
4376,狂爆,0.33,0.91
4377,秀氣,0.72,0.34
4378,良莠不齊,0.34,0.54
4379,見效,0.69,0.6
4380,走火,0.2,0.81
4381,身歷其境,0.64,0.64
4382,邪不勝正,0.84,0.57
4383,並駕齊驅,0.86,0.68
4384,乖乖,0.66,0.26
4385,事半功倍,0.79,0.6
4386,來勢洶洶,0.56,0.8
4387,兩全其美,0.81,0.44
4388,其貌不揚,0.25,0.34
4389,刺耳,0.2,0.74
4390,受潮,0.33,0.29
4391,周延,0.78,0.43
4392,和樂,0.72,0.49
4393,奄奄一息,0.2,0.26
4394,奇貨可居,0.78,0.6
4395,始料未及,0.33,0.62
4396,紮實,0.85,0.29
4397,冷靜下來,0.53,0.43
4398,快快活活,0.68,0.53
4399,沈迷,0.25,0.53
4400,沈默不語,0.46,0.15
4401,沉寂,0.35,0.16
4402,生銹,0.3,0.22
4403,心生畏懼,0.29,0.54
4404,平平靜靜,0.68,0.17
4405,平平淡淡,0.47,0.14
4406,叱責,0.2,0.66
4407,可怖,0.3,0.72
4408,沒法,0.4,0.43
4409,沒法子,0.4,0.43
4410,沒法兒,0.4,0.43
4411,刺耳聲,0.2,0.74
4412,柔柔順順,0.6,0.28
4413,冒充者,0.26,0.43
4414,背叛者,0.12,0.88
4415,自卑感,0.2,0.35
4416,妨礙者,0.28,0.6
4417,走好運,0.75,0.6
4418,逃掉,0.28,0.55
4419,率直地,0.62,0.33
4420,羞怯怯,0.33,0.43
4421,陰沈,0.28,0.3
4422,陰沈沈,0.28,0.3
4423,悶悶,0.35,0.38
4424,悶著,0.35,0.38
4425,欺侮,0.29,0.69
4426,詐欺,0.2,0.75
4427,欺詐,0.2,0.75
4428,減縮,0.38,0.4
4429,無能力,0.25,0.62
4430,沒能力,0.25,0.62
4431,無理性,0.2,0.72
4432,沒理性,0.2,0.72
4433,無趣味,0.3,0.53
4434,沒趣味,0.3,0.53
4435,沒趣,0.3,0.53
4436,筋疲力盡,0.25,0.53
4437,筋疲力竭,0.25,0.55
4438,結結巴巴,0.38,0.45
4439,費解,0.33,0.41
4440,不雅觀,0.28,0.43
4441,歎息,0.3,0.35
4442,歎氣,0.28,0.38
4443,熱切於,0.65,0.68
4444,熱誠地,0.7,0.53
4445,惹人厭,0.05,0.81
4446,慌慌張張,0.2,0.8
4447,煩燥,0.28,0.82
4448,違悖,0.25,0.47
4449,嘈雜,0.31,0.82
4450,嘈雜聲,0.31,0.82
4451,吵雜聲,0.31,0.82
4452,嘮嘮叨叨,0.35,0.6
4453,憐憫心,0.6,0.5
4454,熱心腸,0.68,0.53
4455,噪聲,0.33,0.5
4456,謙遜地,0.68,0.31
4457,還可以,0.62,0.51
4458,可信賴,0.78,0.55
4459,可信任,0.85,0.6
4460,打退,0.56,0.74
4461,斥罵,0.2,0.66
4462,叱罵,0.2,0.66
4463,安靜下來,0.57,0.17
4464,死氣沉沉,0.25,0.6
4465,死氣沈沈,0.25,0.6
4466,埋怨,0.22,0.7
4467,討人嫌,0.05,0.81
4468,顧人怨,0.05,0.81
4469,惹人嫌,0.05,0.81
4470,假扮,0.35,0.43
4471,做假,0.3,0.54
4472,做秀,0.35,0.4
4473,得罪人,0.28,0.57
4474,淒慘,0.09,0.64
4475,謊話,0.22,0.4
4476,蠢蛋,0.25,0.57
4477,蠢人,0.3,0.55
4478,失業者,0.25,0.38
4479,窘況,0.33,0.43
4480,潛心於,0.55,0.22
4481,低沈,0.45,0.3
4482,昏沈,0.28,0.3
4483,昏昏沈沈,0.28,0.3
4484,昏昏沉沉,0.28,0.3
4485,嚴重的,0.28,0.75
4486,了解,0.57,0.33
4487,嚇到,0.33,0.72
4488,介意,0.39,0.44
4489,自危,0.25,0.5
4490,密告,0.29,0.34
4491,無病呻吟,0.36,0.49
4492,耍脾氣,0.35,0.71
4493,氣呼呼,0.22,0.84
4494,污物,0.12,0.33
4495,偽君子,0.16,0.41
4496,亂丟,0.3,0.4
4497,狗嘴裡吐不出象牙,0.24,0.53
4498,狗嘴吐不出象牙,0.24,0.53
4499,混日子,0.34,0.25
4500,不置可否,0.41,0.26
4501,出氣,0.31,0.7
4502,有心人,0.36,0.17
4503,凌遲,0.19,0.75
4504,內訌,0.26,0.65
4505,扭歪,0.34,0.38
4506,望塵莫及,0.38,0.54
4507,搞亂,0.29,0.5
4508,畜生,0.09,0.91
4509,袖手旁觀,0.31,0.31
4510,猛吃,0.44,0.65
4511,悻悻然,0.36,0.44
4512,無可奈何,0.36,0.34
4513,自掃門前雪,0.28,0.43
4514,圍城,0.29,0.45
4515,離鄉背井,0.35,0.51
4516,有口無心,0.39,0.31
4517,錯覺,0.45,0.17
4518,呆板,0.38,0.26
4519,發昏,0.34,0.33
4520,故態復萌,0.3,0.41
4521,尋仇,0.24,0.82
4522,不屈服,0.6,0.81
4523,欺負弱小,0.26,0.62
4524,從中作梗,0.33,0.39
4525,脫軌,0.25,0.61
4526,困窮,0.16,0.51
4527,枯槁,0.22,0.36
4528,急忙,0.36,0.86
4529,急急忙忙,0.36,0.86
4530,無邊無際,0.44,0.45
4531,打高空,0.44,0.3
4532,陷住,0.35,0.57
4533,豬哥,0.28,0.49
4534,跛足,0.29,0.4
4535,慘烈,0.31,0.8
4536,窮途末路,0.19,0.75
4537,顛倒是非,0.24,0.61
4538,暈眩,0.36,0.38
4539,臭臉,0.29,0.6
4540,賣國,0.21,0.57
4541,善辯,0.49,0.45
4542,誤入歧途,0.24,0.55
4543,不配,0.22,0.54
4544,缺口,0.35,0.33
4545,火冒三丈,0.19,0.88
4546,吵死,0.16,0.9
4547,整頓,0.41,0.41
4548,犯賤,0.15,0.55
4549,凹下,0.39,0.33
4550,阻攔,0.34,0.44
4551,醉漢,0.28,0.62
4552,跛子,0.31,0.22
4553,不合群,0.2,0.44
4554,楞住,0.49,0.19
4555,不平衡,0.4,0.33
4556,醜惡,0.11,0.49
4557,憤世嫉俗,0.14,0.84
4558,惴惴不安,0.26,0.76
4559,變酸,0.34,0.36
4560,盡力而為,0.78,0.44
4561,蠻幹,0.35,0.64
4562,不羈,0.46,0.43
4563,危險期,0.22,0.53
4564,不孝,0.14,0.6
4565,省力,0.68,0.1
4566,不可信,0.29,0.35
4567,閃人,0.45,0.25
4568,包山包海,0.71,0.29
4569,互撞,0.33,0.7
4570,餓昏,0.33,0.4
4571,愁容滿面,0.24,0.4
4572,掉隊,0.33,0.28
4573,卑下,0.25,0.29
4574,迂迴,0.38,0.16
4575,不可名狀,0.62,0.57
4576,功敗垂成,0.16,0.54
4577,破銅爛鐵,0.12,0.45
4578,心煩,0.29,0.72
4579,滲漏,0.3,0.38
4580,心急如焚,0.3,0.93
4581,弄混,0.34,0.36
4582,弄糟,0.26,0.4
4583,弄碎,0.31,0.44
4584,不如人意,0.24,0.38
4585,要死,0.19,0.75
4586,挑撥是非,0.22,0.6
4587,天打雷霹,0.14,0.89
4588,淒然,0.19,0.44
4589,欺瞞,0.2,0.33
4590,匪類,0.16,0.47
4591,打罵,0.25,0.61
4592,愚弄,0.24,0.46
4593,孤僻,0.26,0.19
4594,污辱,0.19,0.61
4595,詭辯,0.3,0.45
4596,不可收拾,0.3,0.5
4597,不聽話,0.36,0.39
4598,黑店,0.21,0.49
4599,賣國賊,0.09,0.79
4600,卑微,0.21,0.28
4601,過不去,0.35,0.4
4602,潑婦,0.15,0.79
4603,爛仗,0.22,0.49
4604,苦差事,0.25,0.41
4605,悶住,0.34,0.26
4606,漠然,0.36,0.12
4607,嗤之以鼻,0.21,0.46
4608,當頭棒喝,0.61,0.82
4609,匆忙,0.29,0.5
4610,匆匆忙忙,0.29,0.5
4611,引頸企盼,0.75,0.55
4612,強詞奪理,0.25,0.76
4613,不名譽,0.2,0.4
4614,上鉤,0.34,0.35
4615,刪減,0.35,0.38
4616,打顫,0.39,0.3
4617,慘絕人寰,0.0,0.93
4618,炮擊,0.17,0.76
4619,唱反調,0.3,0.54
4620,猛踢,0.36,0.74
4621,欺凌,0.11,0.72
4622,沾染,0.22,0.35
4623,告密,0.2,0.38
4624,漠不關心,0.17,0.17
4625,漏球,0.28,0.36
4626,太閒,0.45,0.08
4627,作弄,0.35,0.33
4628,流離失所,0.2,0.5
4629,罵人,0.22,0.69
4630,受驚,0.35,0.62
4631,聲名狼藉,0.1,0.45
4632,醜男,0.12,0.4
4633,醜女,0.12,0.4
4634,老謀深算,0.6,0.1
4635,鬧彆扭,0.35,0.5
4636,催吐,0.41,0.61
4637,食古不化,0.33,0.31
4638,耐震,0.65,0.05
4639,狂妄,0.29,0.45
4640,喧嚷,0.25,0.49
4641,更壞,0.21,0.33
4642,污點,0.15,0.34
4643,瞎眼,0.08,0.65
4644,訓斥,0.08,0.64
4645,死狗,0.01,0.55
4646,小心眼,0.24,0.4
4647,消瘦,0.53,0.33
4648,打抱不平,0.65,0.46
4649,自吹自擂,0.4,0.51
4650,阿諛,0.25,0.4
4651,傷風敗俗,0.08,0.51
4652,喧囂,0.3,0.4
4653,喧囂聲,0.3,0.4
4654,害人精,0.15,0.45
4655,劫掠,0.17,0.57
4656,流放,0.22,0.51
4657,靠不住,0.24,0.43
4658,有種,0.7,0.38
4659,壓破,0.38,0.4
4660,輕佻,0.3,0.25
4661,心寒,0.22,0.2
4662,放寬,0.71,0.08
4663,仿冒,0.33,0.33
4664,好久,0.43,0.14
4665,不平等,0.2,0.3
4666,嚇呆,0.28,0.47
4667,低水平,0.22,0.33
4668,暗地,0.33,0.17
4669,瘟疫,0.15,0.51
4670,好鬥,0.3,0.65
4671,帶衰,0.08,0.65
4672,不甩,0.31,0.3
4673,隱退,0.5,0.26
4674,有仇,0.14,0.75
4675,虧空,0.1,0.7
4676,冷嘲熱諷,0.15,0.72
4677,惱怒,0.08,0.89
4678,無賴,0.2,0.62
4679,加收,0.39,0.35
4680,濫打,0.25,0.68
4681,意志消沈,0.05,0.24
4682,意志消沉,0.05,0.24
4683,妄動,0.4,0.41
4684,濃烈,0.55,0.86
4685,貶低,0.24,0.53
4686,弄死,0.08,0.88
4687,冒昧,0.45,0.22
4688,婊子,0.05,0.79
4689,勞役,0.28,0.53
4690,逃之夭夭,0.29,0.41
4691,有礙觀瞻,0.29,0.62
4692,裝死,0.36,0.54
4693,做錯,0.34,0.5
4694,做錯事,0.34,0.5
4695,杯盤狼藉,0.29,0.35
4696,傷痛欲絕,0.02,0.98
4697,抖顫,0.31,0.8
4698,把關,0.5,0.3
4699,喝倒彩,0.17,0.57
4700,存心,0.33,0.34
4701,悲涼,0.05,0.34
4702,口臭,0.22,0.24
4703,激憤,0.19,0.95
4704,詭計多端,0.22,0.51
4705,奸詐,0.12,0.51
4706,如釋重負,0.76,0.17
4707,濫葬,0.2,0.31
4708,可恨,0.15,0.6
4709,亂哄哄,0.36,0.76
4710,大言不慚,0.34,0.35
4711,賣弄,0.4,0.38
4712,滾蛋,0.08,0.93
4713,人渣,0.0,0.95
4714,鬼子,0.11,0.7
4715,砍頭,0.08,0.78
4716,不好過,0.2,0.49
4717,驚叫,0.28,0.95
4718,狂愛,0.79,0.91
4719,貶黜,0.25,0.41
4720,打屁股,0.4,0.55
4721,鬧鬼,0.17,0.8
4722,烙印,0.29,0.65
4723,盲點,0.49,0.06
4724,亂扯,0.36,0.31
4725,孤寂,0.22,0.15
4726,乞求,0.22,0.41
4727,找碴,0.17,0.75
4728,找麻煩,0.17,0.75
4729,以偏概全,0.43,0.16
4730,打偏,0.38,0.21
4731,傻瓜,0.26,0.45
4732,上癮,0.4,0.72
4733,污漬,0.38,0.11
4734,禍害,0.17,0.56
4735,避諱,0.4,0.28
4736,有出息,0.75,0.61
4737,鬆落,0.36,0.29
4738,嗜殺成性,0.14,0.6
4739,拍馬屁,0.31,0.38
4740,尖叫,0.39,0.82
4741,嚎啕大哭,0.31,0.79
4742,連累,0.24,0.38
4743,罵髒話,0.21,0.69
4744,吵嘴,0.35,0.49
4745,撕破,0.33,0.51
4746,受限,0.36,0.26
4747,要飯,0.3,0.41
4748,凶兆,0.3,0.33
4749,驚醒,0.31,0.59
4750,砍斷,0.38,0.39
4751,猛攻,0.41,0.6
4752,不可諱言,0.47,0.29
4753,唯恐不及,0.35,0.5
4754,狠毒,0.21,0.55
4755,困頓,0.31,0.36
4756,耍賤,0.26,0.5
4757,怕死,0.3,0.49
4758,豬頭,0.31,0.29
4759,強壓,0.36,0.44
4760,妒恨,0.21,0.64
4761,地獄,0.28,0.31
4762,減損,0.38,0.3
4763,批鬥,0.31,0.62
4764,空想,0.36,0.29
4765,搪塞,0.29,0.38
4766,牽腸掛肚,0.5,0.53
4767,重壓,0.35,0.29
4768,惆悵,0.33,0.29
4769,以德報怨,0.66,0.35
4770,騙人,0.34,0.43
4771,遜位,0.41,0.26
4772,難為情,0.41,0.41
4773,焦燥,0.31,0.66
4774,焦躁,0.31,0.66
4775,繚亂,0.31,0.4
4776,申斥,0.34,0.45
4777,專權,0.29,0.4
4778,玷污,0.19,0.65
4779,干戈,0.29,0.41
4780,禁錮,0.24,0.3
4781,殲滅,0.36,0.64
4782,落寞,0.26,0.22
4783,毒殺,0.15,0.65
4784,摔倒,0.43,0.47
4785,跌倒,0.43,0.47
4786,摔跤,0.43,0.47
4787,摔一跤,0.43,0.47
4788,跌跤,0.43,0.47
4789,跌一跤,0.43,0.47
4790,搞屁,0.4,0.55
4791,嫉妒,0.3,0.6
4792,適得其反,0.31,0.4
4793,失魂落魄,0.26,0.41
4794,打爛,0.33,0.55
4795,槓上,0.35,0.61
4796,倒下,0.36,0.33
4797,沈溺,0.3,0.29
4798,沉溺,0.3,0.29
4799,懇摯,0.7,0.39
4800,坐立不安,0.34,0.5
4801,諸事順心,0.71,0.82
4802,安安穩穩,0.62,0.2
4803,淺薄,0.35,0.21
4804,失身,0.21,0.61
4805,琳瑯滿目,0.64,0.47
4806,叛國,0.25,0.62
4807,惡有惡報,0.34,0.62
4808,自由心證,0.51,0.36
4809,醉醺醺,0.36,0.31
4810,盡善盡美,0.79,0.33
4811,譏諷,0.3,0.51
4812,窮凶極惡,0.19,0.66
4813,夭折,0.25,0.64
4814,鑽牛角尖,0.35,0.53
4815,瘋人,0.36,0.62
4816,瘋子,0.36,0.62
4817,推托,0.38,0.36
4818,推卻,0.38,0.36
4819,何苦,0.39,0.16
4820,何苦來哉,0.39,0.16
4821,銷聲匿跡,0.39,0.12
4822,不方便,0.46,0.1
4823,失和,0.35,0.45
4824,卒仔,0.3,0.36
4825,俗辣,0.3,0.36
4826,善待,0.65,0.24
4827,胡作非為,0.26,0.55
4828,困局,0.34,0.36
4829,冷血,0.31,0.34
4830,態度不好,0.41,0.33
4831,稀疏,0.4,0.12
4832,貪生怕死,0.29,0.56
4833,炮轟,0.28,0.69
4834,時有時無,0.49,0.26
4835,亂砍,0.25,0.65
4836,走著瞧,0.33,0.61
4837,以牙還牙,0.26,0.65
4838,驚呼,0.53,0.69
4839,漏損,0.35,0.34
4840,乞討,0.28,0.41
4841,討厭鬼,0.31,0.4
4842,膽大妄為,0.33,0.62
4843,髒話,0.33,0.5
4844,超低色散,0.5,0.25
4845,花癡,0.4,0.47
4846,草菅人命,0.2,0.71
4847,揮霍,0.34,0.59
4848,癡人說夢,0.33,0.39
4849,不對勁,0.41,0.36
4850,害臊,0.43,0.54
4851,洩恨,0.28,0.65
4852,折斷,0.44,0.44
4853,陣痛,0.4,0.61
4854,硬逼,0.36,0.56
4855,慘死,0.22,0.66
4856,鬧翻,0.26,0.7
4857,凋謝,0.36,0.31
4858,陷害,0.24,0.55
4859,啼哭,0.36,0.6
4860,砍掉,0.34,0.45
4861,潸然淚下,0.38,0.49
4862,責罵,0.36,0.64
4863,不得力,0.41,0.38
4864,乞憐,0.31,0.39
4865,無效率,0.34,0.33
4866,尖叫聲,0.46,0.74
4867,患得患失,0.3,0.38
4868,不近人情,0.35,0.44
4869,謬論,0.3,0.25
4870,好屌,0.61,0.53
4871,忍氣吞聲,0.38,0.41
4872,廢話,0.39,0.34
4873,夭壽,0.29,0.39
4874,化膿,0.35,0.34
4875,鉗制,0.34,0.43
4876,服喪,0.26,0.4
4877,禍國殃民,0.21,0.56
4878,傷感情,0.38,0.43
4879,利用人,0.33,0.4
4880,狂亂,0.31,0.69
4881,笑柄,0.36,0.35
4882,通敵,0.26,0.4
4883,憤憤不平,0.38,0.69
4884,砍擊,0.4,0.53
4885,毒蛇,0.43,0.28
4886,機八,0.31,0.45
4887,疙瘩,0.41,0.29
4888,喧嘩,0.39,0.49
4889,六親不認,0.26,0.54
4890,萎靡,0.33,0.33
4891,空轉,0.44,0.21
4892,乖張,0.39,0.24
4893,批駁,0.36,0.6
4894,懦弱,0.28,0.33
4895,共體時艱,0.66,0.35
4896,扭傷,0.38,0.29
4897,不省人事,0.34,0.3
4898,人事不省,0.34,0.3
4899,免談,0.36,0.38
4900,甜滋滋,0.65,0.49
4901,胡鬧,0.31,0.7
4902,短缺,0.39,0.31
4903,屁用,0.33,0.54
4904,不可理喻,0.29,0.65
4905,貪財,0.35,0.36
4906,荒蕪,0.34,0.25
4907,惡棍,0.33,0.38
4908,肉腳,0.38,0.3
4909,頹喪,0.29,0.39
4910,撕破臉,0.22,0.75
4911,喋喋不休,0.35,0.57
4912,憤恨,0.26,0.7
4913,嚇出冷汗,0.39,0.66
4914,嚇出一身冷汗,0.39,0.66
4915,難以置信,0.49,0.6
4916,黑手,0.44,0.2
4917,冤孽,0.26,0.5
4918,狡辯,0.26,0.51
4919,一團糟,0.34,0.46
4920,動怒,0.29,0.7
4921,曠課,0.41,0.21
4922,誤人子弟,0.3,0.36
4923,嗆聲,0.3,0.61
4924,小人,0.25,0.43
4925,拆毀,0.34,0.49
4926,疝氣,0.45,0.28
4927,假仁假義,0.26,0.39
4928,畏怯,0.3,0.29
4929,老娘,0.41,0.68
4930,厚顏無恥,0.15,0.57
4931,匪夷所思,0.44,0.55
4932,遷就,0.39,0.46
4933,冷眼,0.29,0.26
4934,冷眼旁觀,0.29,0.26
4935,失約,0.25,0.35
4936,戰慄,0.26,0.74
4937,亂蓋,0.29,0.43
4938,匪諜,0.25,0.36
4939,暴戾,0.15,0.69
4940,自誇,0.38,0.47
4941,爛車,0.21,0.55
4942,無動於衷,0.46,0.2
4943,吹牛,0.36,0.4
4944,吹牛皮,0.36,0.4
4945,死寂,0.21,0.3
4946,惡果,0.26,0.35
4947,放逐,0.31,0.35
4948,嗜殺,0.11,0.7
4949,古板,0.33,0.28
4950,扯碎,0.24,0.69
4951,嚇一跳,0.46,0.74
4952,恥笑,0.29,0.65
4953,笨豬,0.2,0.44
4954,狂熱者,0.46,0.81
4955,狂熱分子,0.46,0.81
4956,悲歎,0.33,0.4
4957,亂罵,0.25,0.68
4958,不成功,0.31,0.3
4959,髒污,0.31,0.33
4960,不得要領,0.34,0.36
4961,功虧一簣,0.25,0.6
4962,禍根,0.12,0.41
4963,自命清高,0.26,0.38
4964,卡住,0.4,0.38
4965,假正經,0.35,0.38
4966,吵鬧,0.31,0.78
4967,吵吵鬧鬧,0.31,0.78
4968,自怨自艾,0.3,0.44
4969,自憐自艾,0.3,0.44
4970,大怒,0.24,0.86
4971,模稜兩可,0.5,0.3
4972,冷峻,0.4,0.29
4973,假惺惺,0.3,0.38
4974,失神,0.4,0.31
4975,閃神,0.4,0.31
4976,低聲下氣,0.28,0.3
4977,暴虐,0.12,0.81
4978,低劣,0.14,0.41
4979,重打,0.28,0.72
4980,鼾聲,0.47,0.45
4981,逼走,0.29,0.62
4982,離間,0.25,0.41
4983,有得瞧,0.38,0.4
4984,噱頭,0.4,0.36
4985,狗眼看人低,0.19,0.4
4986,送葬,0.17,0.51
4987,荒誕,0.2,0.41
4988,回扣,0.47,0.34
4989,滾回去,0.21,0.68
4990,欠錢,0.25,0.39
4991,閒蕩,0.33,0.35
4992,濫挖,0.2,0.7
4993,濫砍,0.2,0.7
4994,甜膩,0.47,0.38
4995,作廢,0.36,0.39
4996,冷冷,0.38,0.28
4997,盜賊,0.29,0.35
4998,呆笨,0.29,0.36
4999,混濁,0.34,0.36
5000,劣根性,0.25,0.35
5001,絞死,0.04,0.79
5002,倚老賣老,0.29,0.38
5003,挨打,0.24,0.68
5004,蠶食,0.33,0.36
5005,倒坍,0.33,0.6
5006,不公正,0.29,0.39
5007,慘事,0.19,0.45
5008,壓搾,0.19,0.51
5009,風涼話,0.35,0.39
5010,獨斷獨行,0.4,0.34
5011,摸不清,0.4,0.33
5012,慚不慚愧,0.36,0.39
5013,一箭之仇,0.29,0.45
5014,自閉,0.33,0.24
5015,作奸犯科,0.11,0.43
5016,橫肉,0.24,0.39
5017,傻事,0.35,0.34
5018,失戀,0.38,0.6
5019,大哭,0.26,0.84
5020,發脾氣,0.26,0.82
5021,心死,0.16,0.34
5022,斑點,0.47,0.28
5023,不厚道,0.35,0.39
5024,含沙射影,0.29,0.39
5025,荒涼,0.38,0.25
5026,狂罵,0.22,0.8
5027,腦滿腸肥,0.19,0.41
5028,口渴,0.45,0.39
5029,割斷,0.41,0.53
5030,挑逗,0.44,0.57
5031,死光,0.12,0.6
5032,死光光,0.12,0.6
5033,不純,0.31,0.3
5034,呆呆,0.35,0.31
5035,曬焦,0.39,0.38
5036,焦躁不安,0.3,0.53
5037,漂泊,0.46,0.3
5038,水性楊花,0.26,0.39
5039,恨你,0.21,0.78
5040,疤痕,0.31,0.31
5041,守財奴,0.34,0.33
5042,死皮賴臉,0.22,0.39
5043,惹上,0.28,0.51
5044,惹到,0.28,0.51
5045,由不得,0.31,0.46
5046,胡亂,0.29,0.47
5047,白吃白喝,0.25,0.4
5048,混戰,0.36,0.45
5049,刺骨,0.33,0.4
5050,野性,0.44,0.44
5051,兇猛,0.31,0.56
5052,凶猛,0.31,0.56
5053,赤貧,0.36,0.3
5054,赤貧者,0.36,0.3
5055,大惑不解,0.33,0.39
5056,溺死,0.16,0.9
5057,又氣又惱,0.33,0.72
5058,威懾,0.39,0.57
5059,礙眼,0.12,0.55
5060,瘋癲,0.05,0.55
5061,閒閒,0.45,0.1
5062,設伏,0.35,0.34
5063,作孽,0.08,0.5
5064,正經八百,0.66,0.1
5065,一氣之下,0.39,0.75
5066,懶人,0.31,0.08
5067,怠惰,0.28,0.11
5068,咕噥,0.45,0.17
5069,耐看,0.65,0.05
5070,食言而肥,0.33,0.22
5071,濫捕,0.22,0.35
5072,裝模做樣,0.26,0.29
5073,變節,0.28,0.34
5074,著急,0.41,0.72
5075,誤人,0.33,0.25
5076,不倫不類,0.19,0.41
5077,菜鳥,0.39,0.2
5078,鄙棄,0.11,0.44
5079,驚慌失措,0.36,0.75
5080,倉皇失措,0.36,0.75
5081,放蕩,0.31,0.33
5082,肉麻,0.51,0.34
5083,便民,0.6,0.1
5084,招搖撞騙,0.17,0.49
5085,經不起,0.36,0.28
5086,心狠手辣,0.21,0.55
5087,代罪羔羊,0.3,0.35
5088,踉蹌,0.38,0.5
5089,淚如雨下,0.44,0.44
5090,沒用,0.3,0.21
5091,投敵,0.22,0.33
5092,過河拆橋,0.19,0.46
5093,由愛生恨,0.36,0.56
5094,滾遠點,0.25,0.82
5095,逞強,0.46,0.38
5096,皺紋,0.49,0.05
5097,黑洞,0.5,0.01
5098,臭美,0.38,0.17
5099,私運,0.33,0.22
5100,鬧僵,0.4,0.26
5101,鬧劇,0.38,0.22
5102,蹩,0.3,0.25
5103,不穩固,0.39,0.21
5104,唯利是圖,0.26,0.25
5105,造福,0.79,0.17
5106,愁眉苦臉,0.31,0.21
5107,刺探,0.39,0.17
5108,敗退,0.26,0.3
5109,沒道理,0.26,0.36
5110,扭打,0.22,0.7
5111,裂開,0.36,0.33
5112,忿怒,0.16,0.76
5113,污濁,0.22,0.2
5114,卑屈,0.15,0.43
5115,醜事,0.21,0.31
5116,氣昏,0.19,0.72
5117,得意揚揚,0.65,0.53
5118,冒失,0.34,0.41
5119,冒冒失失,0.34,0.41
5120,貧瘠,0.33,0.14
5121,奴性,0.16,0.22
5122,老氣橫秋,0.4,0.16
5123,惹怒,0.33,0.59
5124,目中無人,0.24,0.45
5125,不均,0.4,0.22
5126,尖酸刻薄,0.16,0.56
5127,病魔,0.26,0.15
5128,碰壁,0.33,0.28
5129,弄亂,0.4,0.25
5130,偏遠,0.44,0.05
5131,狂傲,0.33,0.39
5132,拖垮,0.25,0.39
5133,破掉,0.38,0.28
5134,頑抗,0.44,0.36
5135,貶損,0.31,0.22
5136,自以為是,0.29,0.4
5137,滿腹牢騷,0.33,0.31
5138,不關心,0.31,0.05
5139,狂放,0.43,0.54
5140,除掉,0.38,0.4
5141,大傷,0.3,0.43
5142,死纏爛打,0.22,0.61
5143,心驚肉跳,0.29,0.78
5144,嘔氣,0.36,0.5
5145,暗淡,0.34,0.1
5146,黯淡,0.34,0.1
5147,爛爆,0.11,0.65
5148,舊病,0.33,0.1
5149,舊疾,0.33,0.1
5150,掩蔽,0.41,0.1
5151,狗男女,0.06,0.76
5152,糟透,0.1,0.66
5153,糟透了,0.1,0.66
5154,窮光蛋,0.11,0.3
5155,不甘心,0.3,0.47
5156,進退維谷,0.39,0.26
5157,不正確,0.38,0.12
5158,大材小用,0.44,0.17
5159,洋鬼子,0.17,0.25
5160,隕落,0.24,0.2
5161,垂涎,0.56,0.22
5162,虛張聲勢,0.36,0.31
5163,罪孽深重,0.12,0.45
5164,亡命,0.15,0.66
5165,凶險,0.19,0.75
5166,愧疚,0.3,0.38
5167,鬼叫,0.3,0.54
5168,報應,0.19,0.55
5169,深仇大恨,0.08,0.78
5170,省時,0.68,0.05
5171,蠢事,0.34,0.15
5172,驚覺,0.41,0.51
5173,煞風景,0.31,0.33
5174,豬母,0.26,0.39
5175,撐住,0.54,0.38
5176,怒氣沖沖,0.31,0.78
5177,認命,0.41,0.05
5178,畏縮,0.31,0.12
5179,陰慘,0.19,0.29
5180,減免,0.55,0.08
5181,養不起,0.26,0.28
5182,不修邊幅,0.36,0.24
5183,憎惡,0.09,0.79
5184,趁火打劫,0.19,0.69
5185,動粗,0.29,0.72
5186,拳打腳踢,0.28,0.74
5187,撕碎,0.33,0.65
5188,好戰者,0.39,0.54
5189,好戰份子,0.39,0.54
5190,占用,0.44,0.19
5191,浪蕩,0.3,0.47
5192,亂說,0.33,0.4
5193,亂說話,0.33,0.4
5194,亂講,0.33,0.4
5195,亂講話,0.33,0.4
5196,憋死,0.28,0.55
5197,臨死,0.21,0.5
5198,干政,0.31,0.54
5199,乘勝追擊,0.72,0.79
5200,陷落,0.33,0.51
5201,慢吞吞,0.44,0.22
5202,色慾,0.36,0.64
5203,鬧革命,0.34,0.68
5204,絆倒,0.45,0.39
5205,吊兒郎當,0.38,0.35
5206,鬱結,0.24,0.24
5207,見死不救,0.15,0.6
5208,退避,0.39,0.28
5209,惱火,0.26,0.69
5210,不務正業,0.25,0.47
5211,氣死,0.17,0.82
5212,氣死人,0.17,0.82
5213,野蠻人,0.25,0.57
5214,顛沛流離,0.28,0.46
5215,小家子氣,0.4,0.35
5216,增設,0.54,0.17
5217,踹開,0.38,0.56
5218,憎恨,0.1,0.9
5219,猛砍,0.2,0.85
5220,毒手,0.16,0.74
5221,始作俑者,0.38,0.46
5222,不恥,0.29,0.47
5223,分崩離析,0.29,0.51
5224,耐穿,0.6,0.22
5225,氣沖沖,0.31,0.76
5226,歡躍,0.79,0.79
5227,認輸,0.36,0.31
5228,變弱,0.36,0.25
5229,犯愁,0.33,0.41
5230,世故,0.39,0.17
5231,不快,0.34,0.44
5232,潑冷水,0.35,0.31
5233,愛莫能助,0.43,0.25
5234,無名小卒,0.43,0.16
5235,酒鬼,0.26,0.43
5236,不擇手段,0.24,0.56
5237,怒髮衝冠,0.17,0.93
5238,不信,0.41,0.38
5239,不懼,0.55,0.54
5240,痛恨,0.14,0.79
5241,狂野,0.57,0.71
5242,結仇,0.26,0.65
5243,煩死,0.21,0.59
5244,剽竊,0.24,0.5
5245,悲痛欲絕,0.06,0.94
5246,做作,0.3,0.46
5247,欠扁,0.3,0.66
5248,死要面子,0.33,0.4
5249,淒涼,0.17,0.31
5250,不規則,0.46,0.1
5251,無語,0.43,0.11
5252,揭穿,0.49,0.31
5253,私通,0.24,0.49
5254,勒死,0.09,0.69
5255,泛濫,0.36,0.38
5256,狡滑,0.22,0.5
5257,狡猾,0.22,0.5
5258,恣意妄為,0.24,0.6
5259,挺而走險,0.4,0.57
5260,不合宜,0.41,0.15
5261,拒付,0.4,0.21
5262,乾咳,0.45,0.24
5263,紙老虎,0.36,0.3
5264,智巧,0.7,0.29
5265,痛打,0.3,0.76
5266,驚惶失措,0.33,0.74
5267,閒混,0.36,0.21
5268,人人自危,0.33,0.5
5269,胡謅,0.3,0.47
5270,胡說,0.3,0.47
5271,胡說八道,0.3,0.47
5272,善罷干休,0.38,0.71
5273,逞威,0.35,0.55
5274,懶,0.45,0.17
5275,懶得,0.45,0.17
5276,掉淚,0.28,0.5
5277,失焦,0.44,0.24
5278,死鬼,0.4,0.47
5279,不必要,0.46,0.22
5280,下毒,0.17,0.74
5281,打碎,0.36,0.56
5282,害蟲,0.3,0.45
5283,羞澀,0.51,0.25
5284,男盜女娼,0.11,0.56
5285,心虛,0.35,0.28
5286,猛推,0.45,0.69
5287,愛面子,0.4,0.39
5288,不懷好意,0.34,0.44
5289,憂懼,0.3,0.51
5290,餓死,0.17,0.59
5291,輸光,0.22,0.66
5292,臭屁,0.35,0.47
5293,大嚷,0.41,0.74
5294,鬧大,0.35,0.79
5295,德政,0.79,0.49
5296,眼花,0.41,0.22
5297,含情脈脈,0.7,0.47
5298,轟動一時,0.61,0.84
5299,有病,0.29,0.44
5300,搞鬼,0.3,0.46
5301,偽善,0.33,0.36
5302,粗劣,0.31,0.29
5303,違禁品,0.3,0.17
5304,反壟斷,0.5,0.31
5305,甩不掉,0.46,0.28
5306,老態龍鍾,0.44,0.17
5307,強奪,0.24,0.51
5308,沒完沒了,0.34,0.38
5309,交媾,0.43,0.57
5310,亡羊補牢,0.53,0.43
5311,邋遢,0.33,0.29
5312,扯破,0.36,0.4
5313,杜絕,0.51,0.35
5314,反胃,0.35,0.46
5315,乖僻,0.46,0.25
5316,地牢,0.33,0.25
5317,奴役,0.15,0.49
5318,自慰,0.45,0.45
5319,正常化,0.51,0.16
5320,不恰當,0.43,0.25
5321,圈套,0.31,0.4
5322,遼闊,0.57,0.33
5323,嫻雅,0.65,0.21
5324,挾怨報復,0.25,0.49
5325,碰傷,0.4,0.41
5326,潦倒,0.33,0.34
5327,凌辱,0.14,0.66
5328,含恨,0.15,0.69
5329,心有餘悸,0.29,0.55
5330,謀反,0.15,0.5
5331,世儈,0.3,0.39
5332,愚鈍,0.31,0.29
5333,福音,0.7,0.39
5334,胡搞,0.38,0.4
5335,遮蔽,0.47,0.22
5336,無價值,0.45,0.17
5337,沒價值,0.45,0.17
5338,離群,0.46,0.19
5339,反悔,0.38,0.38
5340,吵,0.38,0.47
5341,吵到,0.38,0.47
5342,不知,0.45,0.19
5343,猛撞,0.35,0.53
5344,性急,0.43,0.54
5345,僵痛,0.39,0.38
5346,以訛傳訛,0.34,0.34
5347,擅離職守,0.31,0.41
5348,整死,0.15,0.6
5349,叫囂,0.25,0.6
5350,斷掉,0.43,0.35
5351,醜八怪,0.34,0.4
5352,援交,0.35,0.39
5353,虛脫,0.39,0.31
5354,搞政變,0.21,0.55
5355,惡勢力,0.24,0.49
5356,好自為之,0.35,0.28
5357,不學無術,0.34,0.33
5358,愁苦,0.3,0.31
5359,喪親,0.11,0.69
5360,眩光,0.36,0.26
5361,半死,0.19,0.44
5362,兩光,0.4,0.4
5363,左右為難,0.4,0.43
5364,窩囊,0.26,0.36
5365,不忠,0.24,0.4
5366,打亂,0.35,0.46
5367,女巫,0.39,0.3
5368,大驚小怪,0.45,0.47
5369,挑撥離間,0.29,0.5
5370,大鬧,0.24,0.54
5371,嫌惡,0.35,0.39
5372,誤傳,0.43,0.25
5373,吵鬧聲,0.4,0.35
5374,短淺,0.39,0.2
5375,搖尾乞憐,0.26,0.39
5376,陰險,0.28,0.41
5377,仗著,0.38,0.34
5378,吹捧,0.4,0.46
5379,健忘,0.46,0.22
5380,混球,0.26,0.47
5381,忿恨,0.25,0.64
5382,清涼,0.53,0.2
5383,屈辱,0.24,0.49
5384,亂吼,0.34,0.56
5385,惹毛,0.34,0.5
5386,死不瞑目,0.11,0.59
5387,耍狠,0.26,0.59
5388,誤入,0.4,0.36
5389,痛哭,0.21,0.57
5390,慟哭,0.21,0.57
5391,殘害,0.19,0.61
5392,爭鬥,0.28,0.54
5393,忌諱,0.33,0.41
5394,虛幻,0.46,0.22
5395,大罵,0.36,0.47
5396,逆行倒施,0.33,0.33
5397,皺眉,0.35,0.33
5398,皺眉頭,0.35,0.33
5399,不適當,0.39,0.26
5400,豬狗不如,0.16,0.51
5401,苦役,0.21,0.39
5402,慌忙,0.4,0.53
5403,胖,0.44,0.22
5404,抓傷,0.36,0.34
5405,逼問,0.29,0.56
5406,蝕壞,0.29,0.36
5407,忍痛,0.3,0.5
5408,昏昏欲睡,0.39,0.29
5409,微不足道,0.47,0.25
5410,玩世不恭,0.38,0.34
5411,落荒而逃,0.31,0.6
5412,折舊,0.38,0.3
5413,哄誘,0.34,0.41
5414,橫行霸道,0.2,0.54
5415,令人驚羨,0.55,0.46
5416,吹噓,0.41,0.44
5417,五味雜陳,0.4,0.43
5418,砰然,0.56,0.64
5419,雜事,0.49,0.33
5420,矯揉造作,0.36,0.33
5421,攙假,0.31,0.36
5422,沈現,0.36,0.34
5423,沉陷,0.36,0.34
5424,不近情理,0.36,0.3
5425,殘疾,0.39,0.25
5426,割破,0.38,0.38
5427,割裂,0.38,0.38
5428,頑皮,0.47,0.29
5429,危困,0.35,0.41
5430,孩子氣,0.44,0.3
5431,言不及義,0.43,0.26
5432,水汪汪,0.71,0.49
5433,透亮,0.78,0.46
5434,不油膩,0.62,0.47
5435,不粘不糊,0.68,0.49
5436,不暈染,0.7,0.47
5437,不暗沈,0.7,0.51
5438,不暗沉,0.7,0.51
5439,不黯沉,0.7,0.51
5440,不黏,0.62,0.34
5441,不黏膩,0.65,0.35
5442,水嫩緊緻,0.84,0.53
5443,白皙,0.76,0.4
5444,好沖淨,0.72,0.45
5445,好推勻,0.74,0.43
5446,好塗,0.7,0.41
5447,好聞,0.66,0.41
5448,死白,0.29,0.57
5449,妖艷,0.6,0.56
5450,妖豔,0.6,0.56
5451,明亮動人,0.79,0.65
5452,油亮,0.54,0.43
5453,油油亮亮,0.54,0.43
5454,油油滑滑,0.36,0.41
5455,油膩,0.21,0.53
5456,油油膩膩,0.21,0.53
5457,肥厚,0.26,0.4
5458,亮晶晶,0.66,0.51
5459,亮麗,0.74,0.46
5460,俏麗,0.74,0.46
5461,柔亮,0.72,0.47
5462,柔柔亮亮,0.72,0.47
5463,柔弱,0.47,0.24
5464,柔嫩,0.68,0.4
5465,柔柔嫩嫩,0.68,0.4
5466,粉嫩,0.7,0.4
5467,粉粉嫩嫩,0.7,0.4
5468,純凈,0.72,0.25
5469,素雅,0.65,0.26
5470,乾硬,0.24,0.53
5471,乾裂,0.19,0.59
5472,乾癟,0.21,0.51
5473,乾癢,0.25,0.61
5474,堅挺,0.68,0.4
5475,淡雅,0.68,0.19
5476,淨白滑嫩,0.82,0.44
5477,清純,0.6,0.36
5478,清甜,0.61,0.4
5479,細致,0.6,0.3
5480,軟嫩,0.61,0.53
5481,晶瑩剔透,0.85,0.69
5482,無眉怪,0.24,0.59
5483,舒爽,0.69,0.54
5484,嗆鼻,0.19,0.7
5485,圓滑,0.68,0.3
5486,圓滾滾,0.51,0.43
5487,圓潤,0.59,0.39
5488,塗不勻,0.3,0.59
5489,暗沈,0.21,0.53
5490,暗沉,0.21,0.53
5491,黯沉,0.21,0.53
5492,暗變亮,0.7,0.66
5493,滑順好塗,0.76,0.62
5494,滑嫩,0.72,0.54
5495,滑膩,0.5,0.49
5496,群芳爭艷,0.79,0.62
5497,嫩滑,0.72,0.54
5498,蒼白,0.29,0.4
5499,輕盈,0.75,0.47
5500,嬌柔,0.68,0.22
5501,嬌貴,0.62,0.25
5502,嬌嫩,0.61,0.33
5503,皺裂,0.12,0.56
5504,濃豔,0.6,0.56
5505,鮮嫩,0.75,0.45
5506,黏悶,0.22,0.57
5507,黏膩,0.21,0.6
5508,艷麗,0.6,0.44
5509,豔麗,0.6,0.44
5510,苗條,0.71,0.35
5511,修長,0.75,0.44
